String ID,Vietnamese Text,Pages,Kind,Locations,Reviewer Feedback
vi-001,Crestway Global | Thành công toàn diện cho sinh viên,Homepage,text,head > title,
vi-002,Crestway Global,About; Ambassadors; Book; Difference; Governance; Homepage; Parents; Partnerships; Partnerships / Universities; Problem; Services,text,div.wrap.header-inner > a.brand > div > span.brand-mark; div.wrap > div.footer-top > div > p.brand-mark,
vi-003,Thành công toàn diện cho sinh viên,Ambassadors; Book; Homepage; Partnerships / Universities; Problem,text,div.wrap.header-inner > a.brand > div > span.brand-sub,
vi-004,Menu,About; Ambassadors; Book; Governance; Homepage; Parents; Partnerships; Partnerships / Universities; Problem; Services,text,header.site-header > div.wrap.header-inner > button.menu-toggle,
vi-005,Giới thiệu,About; Ambassadors; Book; Difference; Governance; Homepage; Parents; Partnerships; Partnerships / Universities; Problem; Services,text,header.site-header > div.wrap.header-inner > nav#primary-nav > a; div.wrap > div.footer-top > div.footer-links > a; header.site-header > div.wrap.header-inner > nav#primary-nav > a.is-active,
vi-006,Dịch vụ,About; Ambassadors; Book; Difference; Governance; Homepage; Parents; Partnerships; Partnerships / Universities; Problem; Services,text,header.site-header > div.wrap.header-inner > nav#primary-nav > a; div.wrap > div.footer-top > div.footer-links > a; header.site-header > div.wrap.header-inner > nav#primary-nav > a.is-active,
vi-007,Quản trị,About; Ambassadors; Book; Difference; Governance; Homepage; Parents; Partnerships; Partnerships / Universities; Problem; Services,text,header.site-header > div.wrap.header-inner > nav#primary-nav > a; div.wrap > div.footer-top > div.footer-links > a; header.site-header > div.wrap.header-inner > nav#primary-nav > a.is-active,
vi-008,Điểm khác biệt,About; Ambassadors; Book; Difference; Governance; Homepage; Parents; Partnerships; Partnerships / Universities; Problem; Services,text,header.site-header > div.wrap.header-inner > nav#primary-nav > a; div.wrap > div.footer-top > div.footer-links > a; header.site-header > div.wrap.header-inner > nav#primary-nav > a.is-active,
vi-009,Đối tác,About; Ambassadors; Book; Difference; Governance; Homepage; Parents; Partnerships; Partnerships / Universities; Problem; Services,text,header.site-header > div.wrap.header-inner > nav#primary-nav > a; div.wrap > div.footer-top > div.footer-links > a; header.site-header > div.wrap.header-inner > nav#primary-nav > a.is-active,
vi-010,Ngôn ngữ,About; Ambassadors; Book; Difference; Governance; Homepage; Parents; Partnerships; Partnerships / Universities; Problem; Services,attribute:aria-label,header.site-header > div.wrap.header-inner > nav#primary-nav > div.lang-toggle@aria-label,
vi-011,EN,About; Ambassadors; Book; Difference; Governance; Homepage; Parents; Partnerships; Partnerships / Universities; Problem; Services,text,div.wrap.header-inner > nav#primary-nav > div.lang-toggle > a.lang-btn,
vi-012,中文,About; Ambassadors; Book; Difference; Governance; Homepage; Parents; Partnerships; Partnerships / Universities; Problem; Services,text,div.wrap.header-inner > nav#primary-nav > div.lang-toggle > a.lang-btn,
vi-013,VI,About; Ambassadors; Book; Difference; Governance; Homepage; Parents; Partnerships; Partnerships / Universities; Problem; Services,text,div.wrap.header-inner > nav#primary-nav > div.lang-toggle > a.lang-btn.is-active,
vi-014,Đặt lịch gọi,About; Ambassadors; Book; Difference; Governance; Homepage; Parents; Partnerships; Partnerships / Universities; Problem; Services,text,header.site-header > div.wrap.header-inner > nav#primary-nav > a.nav-cta; div.wrap > div.footer-top > div.footer-links > a; header.site-header > div.wrap.header-inner > nav#primary-nav > a.nav-cta.is-active,
vi-015,An toàn và thành công của con bạn tại Canada — được quản lý bởi những người quan tâm.,Homepage,text,section.hero-home > div.wrap.grid > div.col-8.stack > h1#hero-title,
vi-016,"Hệ thống hỗ trợ chuyên dụng dành cho các gia đình quốc tế, kết hợp giữa chuyên môn tổ chức và chăm sóc mang tính văn hóa.",Homepage,text,section.hero-home > div.wrap.grid > div.col-8.stack > p.hero-lede,
vi-017,Đặt lịch tư vấn,About; Book; Difference; Homepage; Parents,text,div.wrap.grid > div.col-8.stack > div > a.btn.primary; main > section.final-cta > div.wrap > a.btn.primary; div.wrap > div.grid > div.col-4.cta-actions > a.btn.primary; main > section.section > div.wrap.stack > h2#book-title,
vi-018,Học sinh quốc tế đến Canada với sự tự tin.,Homepage,attribute:alt,section.hero-home > div.wrap.grid > div.col-4.hero-image > img@alt,
vi-019,Trường học đối tác đáng tin cậy,Homepage,text,main > section.section.partners-banner > div.wrap > p.eyebrow.partners-eyebrow,
vi-020,Đại học Toronto,Homepage,attribute:alt,div.wrap > div.partners-scroll > div.partners-track > img.partner-logo@alt,
vi-021,Đại học Tây Ontario,Homepage,attribute:alt,div.wrap > div.partners-scroll > div.partners-track > img.partner-logo@alt,
vi-022,Đại học Toronto Metropolitan,Homepage,attribute:alt,div.wrap > div.partners-scroll > div.partners-track > img.partner-logo@alt,
vi-023,Đại học York,Homepage,attribute:alt; text,div.wrap > div.partners-scroll > div.partners-track > img.partner-logo@alt; div.testimonial__slide > div.testimonial__text.stack > div > p.testimonial__school,
vi-024,Đại học Waterloo,Homepage,attribute:alt; text,div.wrap > div.partners-scroll > div.partners-track > img.partner-logo@alt; div.testimonial__slide.is-active > div.testimonial__text.stack > div > p.testimonial__school,
vi-025,Trường Cao đẳng George Brown,Homepage,attribute:alt,div.wrap > div.partners-scroll > div.partners-track > img.partner-logo@alt,
vi-026,Một chuyên viên Crestway Global làm việc một đối một với học sinh.,Homepage,attribute:alt,section.section > div.wrap.grid > div.col-4.frame > img@alt,
vi-027,Chúng Tôi Là Ai,Homepage,text,section.section > div.wrap.grid > div.col-8.stack > p.eyebrow,
vi-028,Một đội ngũ địa phương đáng tin cậy hỗ trợ học sinh quốc tế và gia đình của họ.,Homepage,text,section.section > div.wrap.grid > div.col-8.stack > h2#about-title,
vi-029,"Crestway Global cung cấp sự hỗ trợ có cấu trúc và thực tế, giúp con bạn được hướng dẫn về học thuật, cảm xúc và thực tế — trong khi bạn vẫn được cập nhật và tự tin từ bất cứ đâu trên thế giới.",Homepage,text,section.section > div.wrap.grid > div.col-8.stack > p,
vi-030,Hơn Về Chúng Tôi,Homepage,text,div.wrap.grid > div.col-8.stack > div > a.btn.ghost,
vi-031,Dịch Vụ Của Chúng Tôi,Homepage,text,section.section.bg-sand > div.wrap > div.section-head.stack > p.eyebrow,
vi-032,Sáu trụ cột của thành công học sinh.,Homepage,text,section.section.bg-sand > div.wrap > div.section-head.stack > h2#services-title,
vi-033,"Từ logistics đến việc theo dõi học thuật, chúng tôi hướng dẫn học sinh qua từng giai đoạn trải nghiệm tại Canada của họ.",Homepage,text,section.section.bg-sand > div.wrap > div.section-head.stack > p,
vi-034,Thành phố Toronto — Đến và định cư,Homepage,attribute:alt,div.stack > div.grid > article.col-8.service-card > img@alt,
vi-035,Đến Và Định Cư,Homepage,text,div.grid > article.col-8.service-card > div.service-card__content > h3,
vi-036,Học sinh đến và được ở nhà an toàn.,Homepage,text,div.grid > article.col-8.service-card > div.service-card__content > p,
vi-037,Sức Khỏe Và Sức Khỏe Tâm Thần,Homepage,text,div.grid > article.col-4.service-card > div.service-card__content > h3,
vi-038,Sức khỏe thể chất và tinh thần được duy trì quanh năm.,Homepage,text,div.grid > article.col-4.service-card > div.service-card__content > p,
vi-039,Theo Dõi Học Thuật,Homepage,text,div.grid > article.col-4.service-card > div.service-card__content > h3,
vi-040,Theo dõi tiến độ và can thiệp khi cần thiết.,Homepage,text,div.grid > article.col-4.service-card > div.service-card__content > p,
vi-041,Môi trường học thuật — Tích hợp văn hóa,Homepage,attribute:alt,div.stack > div.grid > article.col-8.service-card > img@alt,
vi-042,Tích Cực Hóa Văn Hóa,Homepage,text,div.grid > article.col-8.service-card > div.service-card__content > h3,
vi-043,Học sinh xây dựng cộng đồng và sự tự tin trong môi trường mới của họ.,Homepage,text,div.grid > article.col-8.service-card > div.service-card__content > p,
vi-044,Phụ huynh trong cuộc gọi video — Giao tiếp gia đình,Homepage,attribute:alt,div.stack > div.grid > article.col-8.service-card > img@alt,
vi-045,Giao Tiếp Với Gia Đình,Homepage,text,div.grid > article.col-8.service-card > div.service-card__content > h3,
vi-046,Phụ huynh vẫn được cập nhật và kết nối qua khoảng cách.,Homepage,text,div.grid > article.col-8.service-card > div.service-card__content > p,
vi-047,An Toàn Và Bảo Vệ,Homepage,text,div.grid > article.col-4.service-card > div.service-card__content > h3,
vi-048,"Một mạng lưới an toàn đáng tin cậy, bất cứ khi nào học sinh cần.",Homepage,text,div.grid > article.col-4.service-card > div.service-card__content > p,
vi-049,Xem Tất Cả Dịch Vụ,Homepage,text,section.section.bg-sand > div.wrap > div > a.btn.ghost,
vi-050,Tiếng nói của học sinh,Homepage,text,section.section > div.wrap > div.section-head.stack > p.eyebrow,
vi-051,Những học sinh thực sự đã từng ở nơi bạn đang hướng đến.,Homepage,text,section.section > div.wrap > div.section-head.stack > h2#testimonials-title,
vi-052,"Anna, Đại sứ sinh viên",Homepage,attribute:alt,div.testimonial__slides > div.testimonial__slide.is-active > div.testimonial__photo.frame > img@alt,
vi-053,“,Homepage,text,div.testimonial__slides > div.testimonial__slide.is-active > div.testimonial__text.stack > span.testimonial__mark; div.testimonial__slides > div.testimonial__slide > div.testimonial__text.stack > span.testimonial__mark,
vi-054,"Mở lòng để kết bạn. Bạn không phải người duy nhất cảm thấy cô đơn, và việc kết nối với người khác sẽ tạo ra sự khác biệt lớn.",Homepage,text,div.testimonial__slides > div.testimonial__slide.is-active > div.testimonial__text.stack > blockquote,
vi-055,Anna,Ambassadors; Homepage,text,div.testimonial__slide.is-active > div.testimonial__text.stack > div > p.testimonial__name; article.with-sidebar.ambassador-profile > div.stack > div > h3,
vi-056,"Ridhima, Đại sứ sinh viên",Homepage,attribute:alt,div.testimonial__slides > div.testimonial__slide > div.testimonial__photo.frame > img@alt,
vi-057,"Làm những bước nhỏ mỗi ngày để bước ra khỏi vùng an toàn của bạn — dù là tham gia câu lạc bộ, tham dự sự kiện trường, hay giới thiệu bản thân với người mới.",Homepage,text,div.testimonial__slides > div.testimonial__slide > div.testimonial__text.stack > blockquote,
vi-058,Ridhima,Ambassadors; Homepage,text,div.testimonial__slide > div.testimonial__text.stack > div > p.testimonial__name; article.with-sidebar-rev.ambassador-profile > div.stack > div > h3,
vi-059,"Tien, Đại sứ sinh viên",Homepage,attribute:alt,div.testimonial__slides > div.testimonial__slide > div.testimonial__photo.frame > img@alt,
vi-060,Đừng ngại hỏi xin sự giúp đỡ hoặc cơ hội. Sự hỗ trợ sẽ không đến với bạn tự động — bạn chỉ nhận được nó khi bạn chủ động yêu cầu.,Homepage,text,div.testimonial__slides > div.testimonial__slide > div.testimonial__text.stack > blockquote,
vi-061,Tien,Ambassadors; Homepage,text,div.testimonial__slide > div.testimonial__text.stack > div > p.testimonial__name; article.with-sidebar.ambassador-profile > div.stack > div > h3,
vi-062,Hướng dẫn đánh giá,Homepage,attribute:aria-label,section.section > div.wrap > div.testimonial > div.testimonial__dots@aria-label,
vi-063,Đánh giá 1,Homepage,attribute:aria-label,div.wrap > div.testimonial > div.testimonial__dots > button.testimonial__dot.is-active@aria-label,
vi-064,Đánh giá 2,Homepage,attribute:aria-label,div.wrap > div.testimonial > div.testimonial__dots > button.testimonial__dot@aria-label,
vi-065,Đánh giá 3,Homepage,attribute:aria-label,div.wrap > div.testimonial > div.testimonial__dots > button.testimonial__dot@aria-label,
vi-066,Gặp Tất Cả Đại Diện,Homepage,text,section.section > div.wrap > div > a.btn.ghost,
vi-067,Khám Phá Các Thành Phố Của Chúng Tôi,Homepage,text,section.section.bg-sand > div.wrap > div.section-head.stack > p.eyebrow,
vi-068,Hỗ trợ tại địa phương theo nơi sinh sống thực tế của sinh viên.,Homepage,text,section.section.bg-sand > div.wrap > div.section-head.stack > h2#cities-title,
vi-069,Nhìn từ trên cao về thành phố Toronto.,Homepage,attribute:alt,div.wrap > div.city-track > article.city-card > img@alt,
vi-070,Toronto,About; Homepage,text,div.city-track > article.city-card > div.city-card__content > h3; section.section > div.wrap.stack > div.stack > h3,
vi-071,Đội ngũ sáng lập của chúng tôi. Hệ sinh thái giáo dục đại học lớn nhất Canada với sự hỗ trợ thực địa sâu rộng.,Homepage,text,div.city-track > article.city-card > div.city-card__content > p,
vi-072,Nhìn từ trên cao về thành phố Vancouver.,Homepage,attribute:alt,div.wrap > div.city-track > article.city-card > img@alt,
vi-073,Vancouver,Homepage,text,div.city-track > article.city-card > div.city-card__content > h3,
vi-074,Sắp ra mắt,Homepage,text,article.city-card > div.city-card__content > h3 > span.coming-soon,
vi-075,Các khuôn viên ven biển và kết nối toàn cầu. Mở rộng dự kiến vào năm 2026.,Homepage,text,div.city-track > article.city-card > div.city-card__content > p,
vi-076,Nhìn từ trên cao về thành phố Montreal.,Homepage,attribute:alt,div.wrap > div.city-track > article.city-card > img@alt,
vi-077,Montreal,Homepage,text,div.city-track > article.city-card > div.city-card__content > h3,
vi-078,Thành phố sinh viên song ngữ. Mở rộng dự kiến vào năm 2026.,Homepage,text,div.city-track > article.city-card > div.city-card__content > p,
vi-079,Sẵn sàng đảm bảo thành công của con bạn tại Canada?,Homepage,text,main > section.final-cta > div.wrap > h2#cta-title,
vi-080,"Dù bạn đang lên kế hoạch trước hay sinh viên của bạn đã đăng ký, đội ngũ của chúng tôi luôn sẵn sàng hỗ trợ gia đình bạn từng bước một.",Homepage,text,main > section.final-cta > div.wrap > p,
vi-081,Giáo dục và hỗ trợ cho sinh viên quốc tế tại Canada.,Homepage,text,div.wrap > div.footer-top > div > p,
vi-082,Đại sứ,About; Ambassadors; Book; Difference; Governance; Homepage; Parents; Partnerships; Partnerships / Universities; Problem; Services,text,div.wrap > div.footer-top > div.footer-links > a,
vi-083,"110 Sheppard Ave E, Suite 110, North York, ON M2N 6K1 ·",About; Ambassadors; Book; Difference; Governance; Homepage; Parents; Partnerships; Partnerships / Universities; Problem; Services,text,footer.site-footer > div.wrap > div.footer-bottom > p,
vi-084,hello@crestwayglobal.com,About; Ambassadors; Book; Difference; Governance; Homepage; Parents; Partnerships; Partnerships / Universities; Problem; Services,text,div.wrap > div.footer-bottom > p > a,
vi-085,Instagram,About; Ambassadors; Book; Difference; Governance; Homepage; Parents; Partnerships; Partnerships / Universities; Problem; Services,text,div.wrap > div.footer-bottom > div.footer-social > a,
vi-086,Facebook,About; Ambassadors; Book; Difference; Governance; Homepage; Parents; Partnerships; Partnerships / Universities; Problem; Services,text,div.wrap > div.footer-bottom > div.footer-social > a,
vi-087,RedNote,About; Ambassadors; Book; Difference; Governance; Homepage; Parents; Partnerships; Partnerships / Universities; Problem; Services,text,div.wrap > div.footer-bottom > div.footer-social > a,
vi-088,Về Chúng Tôi | Crestway Global,About,text,head > title,
vi-089,Thành Công Học Sinh Toàn Diện,About,text,div.wrap.header-inner > a.brand > div > span.brand-sub,
vi-090,Bạn đồng hành đáng tin cậy cho sinh viên học xa nhà.,About,text,main > section.page-hero > div.wrap.stack > h1#page-hero-title,
vi-091,"Hệ thống hỗ trợ chuyên sâu dành cho gia đình quốc tế, kết hợp chuyên môn tổ chức với sự chăm sóc văn hóa.",About,text,main > section.page-hero > div.wrap.stack > p.page-hero-lede,
vi-092,Sứ Mệnh Của Chúng Tôi,About,text,main > section.section > div.wrap.stack > p.eyebrow,
vi-093,"Đảm bảo hành trình ra nước ngoài an toàn, được hỗ trợ và tự tin hơn — cho con bạn, và cho bạn.",About,text,main > section.section > div.wrap.stack > h2#mission-title,
vi-094,"Gửi con bạn ra nước ngoài là một trong những quyết định lớn nhất mà gia đình có thể đưa ra. Crestway Global tồn tại để bạn không bao giờ phải lo lắng con bạn có an toàn, được hỗ trợ hay đang phát triển tốt.",About,text,main > section.section > div.wrap.stack > p,
vi-095,"Crestway Global cung cấp sự hỗ trợ có cấu trúc tại chỗ để con bạn được hướng dẫn học thuật, cảm xúc và thực tế trong khi bạn vẫn được cập nhật, an tâm và tự tin từ bất cứ đâu trên thế giới. Đối với các gia đình tin rằng an toàn, sức khỏe và thành công học thuật gắn liền với nhau, Crestway Global đảm bảo sinh viên không chỉ đến trường đại học mà còn phát triển vượt bậc.",About,text,main > section.section > div.wrap.stack > p,
vi-096,Lãnh Đạo,About,text,section.section.bg-sand > div.wrap > div.section-head.stack > p.eyebrow,
vi-097,Kinh nghiệm kết hợp trong an ninh công cộng và phát triển tổ chức,About,text,section.section.bg-sand > div.wrap > div.section-head.stack > h2#founders-title,
vi-098,"Những người sáng lập Crestway Global mang lại nền tảng bổ sung: hàng chục năm kinh nghiệm trong lực lượng an ninh và an toàn cộng đồng, cùng với phát triển bất động sản và hoạt động nhà ở sinh viên.",About,text,section.section.bg-sand > div.wrap > div.section-head.stack > p,
vi-099,Dave Murray cùng xe máy của Cảnh sát Toronto,About,attribute:alt,div.stack-lg > article.grid.founder > div.col-4.frame > img@alt,
vi-100,Dave Murray,About,text,article.grid.founder > div.col-8.stack > div > h3,
vi-101,Người Đồng Sở và Trưởng Phòng Hoạt Động,About,text,article.grid.founder > div.col-8.stack > div > p.founder-title,
vi-102,"Dave Murray đã phục vụ thành phố Toronto trong 31 năm với tư cách là sĩ quan cảnh sát, nghỉ hưu với cấp bậc Trung úy. Sự nghiệp của ông bao gồm 7 năm làm điều tra viên tội phạm, phát triển chuyên môn trong đánh giá an toàn, quản lý rủi ro và các quy trình bảo vệ cộng đồng.",About,text,div.stack-lg > article.grid.founder > div.col-8.stack > p,
vi-103,"Nền tảng này trực tiếp ảnh hưởng đến các quy trình bảo vệ an toàn của Crestway Global. Dave đã thiết lập các quy trình xác minh nhà ở, hệ thống phản hồi khẩn cấp và chương trình đào tạo nhân viên của chúng tôi. Kiến thức tổ chức của ông về hệ thống hỗ trợ tại Toronto — y tế, lực lượng an ninh, dịch vụ xã hội — cho phép Crestway Global xử lý các tình huống phức tạp một cách hiệu quả.",About,text,div.stack-lg > article.grid.founder > div.col-8.stack > p,
vi-104,"Dave điều hành hoạt động với trọng tâm vào quy trình ghi chép, trách nhiệm và chăm sóc phòng ngừa. Cách tiếp cận của ông đảm bảo sự hỗ trợ của Crestway Global vừa thân thiện cá nhân vừa có cấu trúc chuyên nghiệp.",About,text,div.stack-lg > article.grid.founder > div.col-8.stack > p,
vi-105,Doug Hochglaube,About,attribute:alt; text,article.grid.founder > div.col-8.stack > div > h3; div.stack-lg > article.grid.founder > div.col-4.frame > img@alt,
vi-106,Người Đồng Sở và Trưởng Ban Chiến Lược,About,text,article.grid.founder > div.col-8.stack > div > p.founder-title,
vi-107,"Doug Hochglaube là một nhà phát triển bất động sản với gần hai thập kỷ kinh nghiệm trong phát triển và quản lý nhà ở sinh viên cũng như các dự án cộng đồng tại Ontario. Công việc của ông bao gồm phát triển và quản lý nhà ở cho hàng nghìn sinh viên, cho ông cái nhìn trực tiếp về khoảng cách giữa hỗ trợ tổ chức và nhu cầu của sinh viên quốc tế.",About,text,div.stack-lg > article.grid.founder > div.col-8.stack > p,
vi-108,"Nền tảng hoạt động này định hình cách tiếp cận cấu trúc của Crestway Global. Doug đã phát triển các khung hợp tác với các trường đại học, quy trình đánh giá nhà ở và kế hoạch mở rộng quy mô của chúng tôi. Kinh nghiệm của ông trong tuân thủ quy định, bảo hiểm và quản lý rủi ro ảnh hưởng đến các tiêu chuẩn quản trị của chúng tôi.",About,text,div.stack-lg > article.grid.founder > div.col-8.stack > p,
vi-109,"Doug điều hành các mối quan hệ tổ chức và phát triển chiến lược của Crestway Global, đảm bảo rằng sự phát triển của chúng tôi duy trì chất lượng dịch vụ và tiêu chuẩn chuyên nghiệp. Tập trung của ông là xây dựng các hệ thống bền vững có thể cung cấp hỗ trợ nhất quán và có trách nhiệm ở quy mô lớn.",About,text,div.stack-lg > article.grid.founder > div.col-8.stack > p,
vi-110,Đội Ngũ Của Chúng Tôi,About,text,main > section.section > div.wrap.stack > p.eyebrow,
vi-111,"Trải nghiệm địa phương tại Toronto, mở rộng đang đến gần.",About,text,main > section.section > div.wrap.stack > h2#team-title,
vi-112,"Đội ngũ sáng lập tại Toronto mang lại các mối liên kết sâu rộng với các trường đại học, mạng lưới nhà ở và các nhà cung cấp dịch vụ y tế làm việc với sinh viên quốc tế.",About,text,main > section.section > div.wrap.stack > p,
vi-113,"Đội ngũ sáng lập của chúng tôi. Thành phố sinh viên lớn nhất Canada với những kết nối sâu rộng trong hệ sinh thái khuôn viên rộng lớn của khu vực GTA. Chúng tôi hiểu rõ mọi tuyến giao thông, phòng khám và khu vực cho thuê nhà quan trọng đối với sinh viên quốc tế.",About,text,section.section > div.wrap.stack > div.stack > p,
vi-114,Điều Hướng Dẫn Chúng Tôi,About,text,section.section.bg-sand > div.wrap > div.section-head.stack > p.eyebrow,
vi-115,Hỗ trợ mà không theo dõi. An toàn mà không có nỗi sợ.,About,text,section.section.bg-sand > div.wrap > div.section-head.stack > h2#values-title,
vi-116,Chăm sóc chủ động,About,text,div.wrap > div.grid > div.col-3.stack > h3,
vi-117,"Chúng tôi không chờ đợi cho đến khi xảy ra khủng hoảng. Những cuộc gọi kiểm tra định kỳ và sự hiện diện địa phương giúp chúng tôi phát hiện vấn đề sớm, trước khi chúng trở thành sự cố nghiêm trọng.",About,text,div.wrap > div.grid > div.col-3.stack > p,
vi-118,Sự hiểu biết văn hóa,About,text,div.wrap > div.grid > div.col-3.stack > h3,
vi-119,Đội ngũ của chúng tôi nói tiếng Trung và hiểu rõ bối cảnh văn hóa mà sinh viên Trung Quốc đến từ. Chúng tôi kết nối hai thế giới.,About,text,div.wrap > div.grid > div.col-3.stack > p,
vi-120,Liên kết chân thành,About,text,div.wrap > div.grid > div.col-3.stack > h3,
vi-121,"Sinh viên không phải là những con số. Chúng tôi biết tên họ, mục tiêu và những điều khiến phụ huynh của họ mất ngủ.",About,text,div.wrap > div.grid > div.col-3.stack > p,
vi-122,Giao tiếp minh bạch,About,text,div.wrap > div.grid > div.col-3.stack > h3,
vi-123,Phụ huynh nhận được những cập nhật cụ thể và thường xuyên. Không có những lời an ủi mơ hồ - thông tin thực tế về tình hình của con họ.,About,text,div.wrap > div.grid > div.col-3.stack > p,
vi-124,Sẵn sàng học hỏi thêm?,About,text,div.wrap > div.grid > div.col-8 > h2#about-cta-title,
vi-125,Bắt đầu hồ sơ hoặc lên lịch cuộc gọi với đội ngũ của chúng tôi để xem Crestway Global có phải là lựa chọn phù hợp cho gia đình bạn không.,About,text,div.wrap > div.grid > div.col-8 > p,
vi-126,Lên lịch cuộc gọi,About,text,div.wrap > div.grid > div.col-4.cta-actions > a.btn.ghost,
vi-127,Điều phối và hỗ trợ cho sinh viên quốc tế tại Canada.,About,text,div.wrap > div.footer-top > div > p,
vi-128,Dịch vụ | Crestway Global,Services,text,head > title,
vi-129,Thành công toàn diện của sinh viên,Difference; Parents; Partnerships; Services,text,div.wrap.header-inner > a.brand > div > span.brand-sub,
vi-130,Sáu trụ cột của thành công sinh viên,Services,text,main > section.page-hero > div.wrap.stack > h1#page-hero-title,
vi-131,Sự giám sát có cấu trúc giúp sinh viên thành công và gia đình yên tâm,Services,text,main > section.page-hero > div.wrap.stack > p.page-hero-lede,
vi-132,Học sinh quốc tế đi bộ cùng nhau trong khuôn viên trường,Services,attribute:alt,section.section > div.wrap > div.frame > img@alt,
vi-133,Các trụ cột dịch vụ của chúng tôi,Services,text,main > section.section > div.wrap > h2#pillars-title,
vi-134,Đến và định cư,Services,text,div.wrap > div.grid.pillar > div.col-3.pillar-label > h3,
vi-135,Sinh viên đến và được ở chỗ an toàn,Services,text,div.grid.pillar > div.col-9.stack > p > strong,
vi-136,Xem xét và xem xét giấy tờ nhập cư trước khi đến,Services,text,div.grid.pillar > div.col-9.stack > ul > li,
vi-137,Đánh giá nhu cầu nhà ở và lựa chọn đã xác minh,Services,text,div.grid.pillar > div.col-9.stack > ul > li,
vi-138,Đánh giá hợp đồng thuê nhà trực tiếp và hỗ trợ phối hợp chuyển nhà,Services,text,div.grid.pillar > div.col-9.stack > ul > li,
vi-139,Tiếp đón và đưa đón đến nơi ở tại sân bay,Services,text,div.grid.pillar > div.col-9.stack > ul > li,
vi-140,Hướng dẫn định hướng thành phố và thiết lập các dịch vụ thiết yếu,Services,text,div.grid.pillar > div.col-9.stack > ul > li,
vi-141,Sức khỏe & Sức khỏe Tâm thần,Services,text,div.wrap > div.grid.pillar > div.col-3.pillar-label > h3,
vi-142,Sức khỏe thể chất và tinh thần được duy trì suốt năm học,Services,text,div.grid.pillar > div.col-9.stack > p > strong,
vi-143,Đăng ký bác sĩ gia đình và hướng dẫn dịch vụ bảo hiểm y tế,Services,text,div.grid.pillar > div.col-9.stack > ul > li,
vi-144,Hỗ trợ phối hợp nguồn lực hỗ trợ sức khỏe tâm thần,Services,text,div.grid.pillar > div.col-9.stack > ul > li,
vi-145,Dịch vụ phản hồi khẩn cấp 24/7,Services,text,div.grid.pillar > div.col-9.stack > ul > li,
vi-146,Hỗ trợ đi kèm tại bệnh viện và các buổi khám chữa bệnh y tế,Services,text,div.grid.pillar > div.col-9.stack > ul > li,
vi-147,Kiểm tra sức khỏe định kỳ,Services,text,div.grid.pillar > div.col-9.stack > ul > li,
vi-148,Truy cập dịch vụ y tế và chăm sóc sức khỏe tư nhân thông qua mạng lưới đối tác của Crestway Global,Services,text,div.grid.pillar > div.col-9.stack > ul > li,
vi-149,Giám sát & Hỗ trợ Học thuật,Services,text,div.wrap > div.grid.pillar > div.col-3.pillar-label > h3,
vi-150,Giám sát học thuật và can thiệp khi cần thiết,Services,text,div.grid.pillar > div.col-9.stack > p > strong,
vi-151,Hướng dẫn đăng ký môn học và lịch học,Services,text,div.grid.pillar > div.col-9.stack > ul > li,
vi-152,Kết nối với các nguồn lực hỗ trợ học thuật,Services,text,div.grid.pillar > div.col-9.stack > ul > li,
vi-153,Hướng dẫn kỹ năng học tập và quản lý thời gian,Services,text,div.grid.pillar > div.col-9.stack > ul > li,
vi-154,Giao tiếp với cố vấn học thuật khi cần thiết,Services,text,div.grid.pillar > div.col-9.stack > ul > li,
vi-155,Giám sát tiến độ và can thiệp nếu cần thiết,Services,text,div.grid.pillar > div.col-9.stack > ul > li,
vi-156,Điều chỉnh Văn hóa,Services,text,div.wrap > div.grid.pillar > div.col-3.pillar-label > h3,
vi-157,Học sinh xây dựng cộng đồng và lòng tự tin trong môi trường mới của họ.,Services,text,div.grid.pillar > div.col-9.stack > p > strong,
vi-158,Hướng dẫn từ cố vấn nói tiếng Trung để hỗ trợ sinh viên trong cuộc sống hàng ngày,Services,text,div.grid.pillar > div.col-9.stack > ul > li,
vi-159,"Hướng dẫn lập ngân sách, phương tiện di chuyển và kỹ năng sống",Services,text,div.grid.pillar > div.col-9.stack > ul > li,
vi-160,Tham gia các sự kiện xã hội và xây dựng mối quan hệ bạn bè,Services,text,div.grid.pillar > div.col-9.stack > ul > li,
vi-161,Hướng dẫn về chuẩn mực và kỳ vọng văn hóa,Services,text,div.grid.pillar > div.col-9.stack > ul > li,
vi-162,Hỗ trợ cảm giác nhớ nhà và quá trình thích nghi,Services,text,div.grid.pillar > div.col-9.stack > ul > li,
vi-163,Giao tiếp với gia đình,Services,text,div.wrap > div.grid.pillar > div.col-3.pillar-label > h3,
vi-164,Phụ huynh luôn được cập nhật và kết nối dù ở xa,Services,text,div.grid.pillar > div.col-9.stack > p > strong,
vi-165,Cập nhật số hàng tháng về sức khỏe tinh thần của sinh viên,Services,text,div.grid.pillar > div.col-9.stack > ul > li,
vi-166,Truy cập trực tiếp đến cố vấn để giải đáp thắc mắc và lo ngại,Services,text,div.grid.pillar > div.col-9.stack > ul > li,
vi-167,Thông báo tức thì về các vấn đề nghiêm trọng,Services,text,div.grid.pillar > div.col-9.stack > ul > li,
vi-168,Hỗ trợ về văn hóa học thuật và hành chính,Services,text,div.grid.pillar > div.col-9.stack > ul > li,
vi-169,Cuộc họp video hàng tháng,Services,text,div.grid.pillar > div.col-9.stack > ul > li,
vi-170,An toàn & Bảo vệ,Services,text,div.wrap > div.grid.pillar > div.col-3.pillar-label > h3,
vi-171,Học sinh có thể truy cập vào mạng lưới an toàn đáng tin cậy bất cứ khi nào họ cần,Services,text,div.grid.pillar > div.col-9.stack > p > strong,
vi-172,Hợp tác với Community Patrol để có sự hỗ trợ ưu tiên,Services,text,div.grid.pillar > div.col-9.stack > ul > li,
vi-173,Crestway Assist: Nút an toàn 24/7 trong ứng dụng kết nối sinh viên với người biết rõ tình hình của họ,Services,text,div.grid.pillar > div.col-9.stack > ul > li,
vi-174,"Kiểm tra chỗ ở trước khi dọn vào (an toàn phòng cháy, kiểm tra chủ nhà, tham quan khu phố)",Services,text,div.grid.pillar > div.col-9.stack > ul > li,
vi-175,Hướng dẫn định hướng thành phố trong tuần đầu và lên kế hoạch ứng phó khẩn cấp,Services,text,div.grid.pillar > div.col-9.stack > ul > li,
vi-176,Tư vấn với các dịch vụ khẩn cấp địa phương khi cần thiết,Services,text,div.grid.pillar > div.col-9.stack > ul > li,
vi-177,Học sinh học tập cùng nhau,Services,attribute:alt,section.section > div.wrap > div.frame > img@alt,
vi-178,Phương pháp tiếp cận của chúng tôi,Services,text,section.section.bg-sand > div.wrap > div.section-head.stack > p.eyebrow,
vi-179,"Hướng dẫn giúp học sinh luôn trên đúng hướng, không phải hỗ trợ phản ứng.",Services,text,section.section.bg-sand > div.wrap > div.section-head.stack > h2#approach-title,
vi-180,"Tại Crestway Global, chúng tôi tập trung vào việc giúp học sinh luôn trên đúng hướng và phát triển vượt bậc trong suốt hành trình học tập của họ. Nhờ vào các buổi kiểm tra định kỳ, kế hoạch suy nghĩ kỹ lưỡng và giao tiếp liên tục, chúng tôi cung cấp cho học sinh cấu trúc cần thiết để họ có thể thích nghi với cuộc sống ở một quốc gia mới với sự tự tin. Những thách thức nhỏ được xử lý sớm, giúp học sinh tập trung vào học tập, sự phát triển cá nhân và thành công.",Services,text,section.section.bg-sand > div.wrap > div.section-head.stack > p,
vi-181,Kiểm tra có cấu trúc,Services,text,div.wrap > div.grid > div.col-4.stack > h3,
vi-182,"Các điểm liên lạc định kỳ đảm bảo liên lạc liên tục, không chỉ phản ứng trong khủng hoảng.",Services,text,div.wrap > div.grid > div.col-4.stack > p,
vi-183,Cố vấn được phân công,Services,text,div.wrap > div.grid > div.col-4.stack > h3,
vi-184,Mỗi học sinh làm việc với một cố vấn nhất định biết rõ tình hình của họ.,Services,text,div.wrap > div.grid > div.col-4.stack > p,
vi-185,Giao tiếp được ghi lại,Services,text,div.wrap > div.grid > div.col-4.stack > h3,
vi-186,Tất cả các tương tác được ghi lại để đảm bảo tính liên tục và minh bạch cho gia đình.,Services,text,div.wrap > div.grid > div.col-4.stack > p,
vi-187,Chi phí,Services,text,section.section > div.wrap > div.section-head.stack > p.eyebrow,
vi-188,Được cá nhân hóa theo nhu cầu của học sinh,Services,text,section.section > div.wrap > div.section-head.stack > h2#packages-title,
vi-189,"Các chương trình được cá nhân hóa dựa trên độ tuổi, trường học, tình hình chỗ ở và nhu cầu hỗ trợ. Chi phí sẽ được cung cấp sau khi có buổi tư vấn và đánh giá nhu cầu của gia đình.",Services,text,section.section > div.wrap > div.section-head.stack > p,
vi-190,Cách tính chi phí,Services,text,div.wrap > div.grid > div.col-8.stack > h3,
vi-191,"Mỗi hoàn cảnh của gia đình đều khác nhau. Trong buổi tư vấn, chúng tôi đánh giá nhu cầu cụ thể của học sinh và đề xuất cấp độ hỗ trợ phù hợp. Chi phí minh bạch sẽ được cung cấp dựa trên các dịch vụ cần thiết.",Services,text,div.wrap > div.grid > div.col-8.stack > p,
vi-192,Tư vấn ban đầu không mất phí,Services,text,div.grid > div.col-8.stack > ul > li,
vi-193,Chương trình cá nhân hóa dựa trên đánh giá,Services,text,div.grid > div.col-8.stack > ul > li,
vi-194,"Chi phí rõ ràng, minh bạch trước khi tham gia",Services,text,div.grid > div.col-8.stack > ul > li,
vi-195,Không có phí ẩn hay hóa đơn bất ngờ,Services,text,div.grid > div.col-8.stack > ul > li,
vi-196,Đăng ký tư vấn,Services,text,div.wrap > div.grid > div.col-4.cta-actions > a.btn.primary,
vi-197,Chăm sóc và hỗ trợ học sinh quốc tế tại Canada.,Book; Services,text,div.wrap > div.footer-top > div > p,
vi-198,Quản trị & Bảo vệ | Crestway Global,Governance,text,head > title,
vi-199,Thành công toàn diện cho học sinh,Governance,text,div.wrap.header-inner > a.brand > div > span.brand-sub,
vi-200,Tính trách nhiệm được xây dựng vào từng quy trình.,Governance,text,main > section.page-hero > div.wrap.stack > h1#page-hero-title,
vi-201,"Tiêu chuẩn chuyên nghiệp, quy trình được ghi chép và giám sát minh bạch cho gia đình và các cơ sở đối tác.",Governance,text,main > section.page-hero > div.wrap.stack > p.page-hero-lede,
vi-202,Bảo vệ,Governance,text,section.section.bg-sand > div.wrap > div.section-head.stack > p.eyebrow,
vi-203,Các quy trình bảo vệ học sinh,Governance,text,section.section.bg-sand > div.wrap > div.section-head.stack > h2#safeguarding-title,
vi-204,Học sinh đang học tập cùng nhau trong thư viện đại học,Governance,attribute:alt,section.section.bg-sand > div.wrap > div.frame > img@alt,
vi-205,Nhân viên đã được kiểm tra,Governance,text,div.wrap > div.grid > div.col-4.gov-card > h3,
vi-206,Kiểm tra hồ sơ và sàng lọc khu vực dễ tổn thương tuân thủ quy định địa phương.,Governance,text,div.grid > div.col-4.gov-card > ul > li,
vi-207,Kiểm tra nhiều giai đoạn bao gồm lịch sử làm việc và xác minh thư giới thiệu.,Governance,text,div.grid > div.col-4.gov-card > ul > li,
vi-208,Đánh giá hiệu suất liên tục và kiểm tra tuân thủ,Governance,text,div.grid > div.col-4.gov-card > ul > li,
vi-209,Tuân thủ hoạt động,Governance,text,div.wrap > div.grid > div.col-4.gov-card > h3,
vi-210,Tất cả các tương tác đều được tập trung trong hệ thống tài liệu an toàn và có thể kiểm toán của chúng tôi.,Governance,text,div.grid > div.col-4.gov-card > ul > li,
vi-211,Tuân thủ nghiêm ngặt các giới hạn đạo đức và Mã đạo đức nội bộ.,Governance,text,div.grid > div.col-4.gov-card > ul > li,
vi-212,Các yêu cầu được ưu tiên và xử lý dựa trên mức độ khẩn cấp và quy trình rủi ro.,Governance,text,div.grid > div.col-4.gov-card > ul > li,
vi-213,Quy trình quản lý khủng hoảng,Governance,text,div.wrap > div.grid > div.col-4.gov-card > h3,
vi-214,Đường dẫn được thiết lập để thông báo ngay lập tức cho gia đình và cơ sở.,Governance,text,div.grid > div.col-4.gov-card > ul > li,
vi-215,"Định nghĩa sự phối hợp với an ninh trường, y tế và dịch vụ khẩn cấp.",Governance,text,div.grid > div.col-4.gov-card > ul > li,
vi-216,Đồng bộ hoạt động với các quy trình bảo vệ của trường đại học và hướng dẫn của cơ quan địa phương.,Governance,text,div.grid > div.col-4.gov-card > ul > li,
vi-217,Bảo mật & Dữ liệu,Governance,text,section.section > div.wrap > div.section-head.stack > p.eyebrow,
vi-218,Xử lý thông tin và quyền của gia đình,Governance,text,section.section > div.wrap > div.section-head.stack > h2#privacy-title,
vi-219,Một cố vấn gặp riêng một học sinh,Governance,attribute:alt,section.section > div.wrap > div.frame > img@alt,
vi-220,Bảo mật và bảo vệ dữ liệu,Governance,text,div.wrap > div.grid > div.col-4.gov-card > h3,
vi-221,"Truy cập hạn chế, thông tin chỉ được giới hạn cho nhân viên được ủy quyền.",Governance,text,div.grid > div.col-4.gov-card > ul > li,
vi-222,Tuân thủ luật bảo mật thông tin Canada (PIPEDA),Governance,text,div.grid > div.col-4.gov-card > ul > li,
vi-223,Lưu trữ được mã hóa cho tất cả thông tin học sinh và gia đình,Governance,text,div.grid > div.col-4.gov-card > ul > li,
vi-224,Báo cáo và giao tiếp với gia đình,Governance,text,div.wrap > div.grid > div.col-4.gov-card > h3,
vi-225,Cập nhật lịch trình liên quan đến phúc lợi sinh viên và các mốc quan trọng.,Governance,text,div.grid > div.col-4.gov-card > ul > li,
vi-226,Chính sách chia sẻ thông tin minh bạch theo sự đồng ý của gia đình.,Governance,text,div.grid > div.col-4.gov-card > ul > li,
vi-227,Liên lạc trực tiếp với cố vấn để giải đáp thắc mắc và lo ngại.,Governance,text,div.grid > div.col-4.gov-card > ul > li,
vi-228,Chia sẻ với bên thứ ba,Governance,text,div.wrap > div.grid > div.col-4.gov-card > h3,
vi-229,Thông tin chỉ được chia sẻ với các trường đại học khi cần thiết,Governance,text,div.grid > div.col-4.gov-card > ul > li,
vi-230,Nhà cung cấp dịch vụ y tế được liên lạc với sự đồng ý của sinh viên/gia đình,Governance,text,div.grid > div.col-4.gov-card > ul > li,
vi-231,Không bán hoặc chia sẻ dữ liệu cho mục đích thương mại,Governance,text,div.grid > div.col-4.gov-card > ul > li,
vi-232,Bảo hiểm và Trách nhiệm,Governance,text,section.section.bg-sand > div.wrap > div.section-head.stack > p.eyebrow,
vi-233,Phạm vi bảo hiểm và trách nhiệm chuyên nghiệp,Governance,text,section.section.bg-sand > div.wrap > div.section-head.stack > h2#insurance-title,
vi-234,Trách nhiệm chuyên nghiệp,Governance,text,div.wrap > div.grid > div.col-4.gov-card > h3,
vi-235,Bảo hiểm sai sót và bỏ sót toàn diện,Governance,text,div.grid > div.col-4.gov-card > ul > li,
vi-236,Bảo hiểm cho các dịch vụ tư vấn và phối hợp,Governance,text,div.grid > div.col-4.gov-card > ul > li,
vi-237,Phạm vi giới hạn dịch vụ được ghi rõ,Governance,text,div.grid > div.col-4.gov-card > ul > li,
vi-238,Tiêu chuẩn ghi chép,Governance,text,div.wrap > div.grid > div.col-4.gov-card > h3,
vi-239,Tất cả các sự việc được ghi lại với hồ sơ chi tiết,Governance,text,div.grid > div.col-4.gov-card > ul > li,
vi-240,Đánh giá định kỳ hồ sơ để đảm bảo chất lượng,Governance,text,div.grid > div.col-4.gov-card > ul > li,
vi-241,Báo cáo minh bạch cho gia đình và các cơ sở giáo dục,Governance,text,div.grid > div.col-4.gov-card > ul > li,
vi-242,Phạm vi bảo hiểm cho sinh viên,Governance,text,div.wrap > div.grid > div.col-4.gov-card > h3,
vi-243,Sinh viên phải duy trì bảo hiểm sức khỏe,Governance,text,div.grid > div.col-4.gov-card > ul > li,
vi-244,Hướng dẫn về việc đăng ký bảo hiểm y tế tại Canada,Governance,text,div.grid > div.col-4.gov-card > ul > li,
vi-245,Phối hợp với các nhà cung cấp bảo hiểm để xử lý yêu cầu,Governance,text,div.grid > div.col-4.gov-card > ul > li,
vi-246,Tuân thủ quy định,Governance,text,section.section > div.wrap > div.section-head.stack > p.eyebrow,
vi-247,Hoạt động trong khuôn khổ pháp lý Canada,Governance,text,section.section > div.wrap > div.section-head.stack > h2#compliance-title,
vi-248,Đăng ký kinh doanh tại Ontario,Governance,text,div.wrap > div.grid > div.col-3.gov-card > h4,
vi-249,Công ty được đăng ký hợp pháp hoạt động tuân thủ các quy định kinh doanh tại Ontario.,Governance,text,div.wrap > div.grid > div.col-3.gov-card > p,
vi-250,Hỗ trợ nhập cư,Governance,text,div.wrap > div.grid > div.col-3.gov-card > h4,
vi-251,"Cung cấp hướng dẫn hành chính rõ ràng và nhắc nhở tình trạng, nhưng chúng tôi không cung cấp tư vấn pháp lý hoặc nhập cư. Đối với các vấn đề phức tạp liên quan đến giấy phép hoặc thị thực, chúng tôi duy trì các con đường giới thiệu đã thiết lập đến các chuyên gia được quản lý và luật sư.",Governance,text,div.wrap > div.grid > div.col-3.gov-card > p,
vi-252,Tiêu chuẩn nhà ở,Governance,text,div.wrap > div.grid > div.col-3.gov-card > h4,
vi-253,Kiểm tra nhà ở được thực hiện theo quy định của Luật Thuê Nhà ở Ontario và các quy định địa phương.,Governance,text,div.wrap > div.grid > div.col-3.gov-card > p,
vi-254,Phối hợp y tế,Governance,text,div.wrap > div.grid > div.col-3.gov-card > h4,
vi-255,Tất cả hướng dẫn liên quan đến sức khỏe đều hoạt động trong khuôn khổ quy định của hệ thống y tế Ontario và yêu cầu bảo mật.,Governance,text,div.wrap > div.grid > div.col-3.gov-card > p,
vi-256,Báo cáo và Minh bạch,Governance,text,section.section.bg-sand > div.wrap > div.section-head.stack > p.eyebrow,
vi-257,Chúng tôi duy trì trách nhiệm như thế nào,Governance,text,section.section.bg-sand > div.wrap > div.section-head.stack > h2#reporting-title,
vi-258,Ghi chép sự việc,Governance,text,div.wrap > div.grid > div.col-4.gov-card > h3,
vi-259,Tất cả các sự việc quan trọng được ghi lại trong khuôn khổ khung báo cáo có cấu trúc,Governance,text,div.grid > div.col-4.gov-card > ul > li,
vi-260,Tiêu chuẩn giao tiếp được chuẩn hóa cho các liên lạc gia đình được ủy quyền,Governance,text,div.grid > div.col-4.gov-card > ul > li,
vi-261,Phân tích nguyên nhân gốc rễ để cải thiện quy trình và hoạt động,Governance,text,div.grid > div.col-4.gov-card > ul > li,
vi-262,Phản hồi từ gia đình,Governance,text,div.wrap > div.grid > div.col-4.gov-card > h3,
vi-263,Khảo sát định kỳ để đánh giá và cải thiện việc cung cấp dịch vụ,Governance,text,div.grid > div.col-4.gov-card > ul > li,
vi-264,"Phản hồi, lo ngại hoặc đề xuất sẽ được xác nhận và xử lý nhanh chóng",Governance,text,div.grid > div.col-4.gov-card > ul > li,
vi-265,Đánh giá định kỳ để đảm bảo tiêu chuẩn chăm sóc chuyên nghiệp được duy trì liên tục,Governance,text,div.grid > div.col-4.gov-card > ul > li,
vi-266,Hợp tác với các trường đại học,Governance,text,div.wrap > div.grid > div.col-4.gov-card > h3,
vi-267,Giám sát hợp tác và định kỳ với các cơ sở giáo dục để đảm bảo sức khỏe tinh thần của sinh viên,Governance,text,div.grid > div.col-4.gov-card > ul > li,
vi-268,Chia sẻ dữ liệu rõ ràng nhưng tôn trọng ranh giới của các cơ sở giáo dục,Governance,text,div.grid > div.col-4.gov-card > ul > li,
vi-269,Tuân thủ nghiêm ngặt các quy định và quy trình của trường đại học,Governance,text,div.grid > div.col-4.gov-card > ul > li,
vi-270,Chăm sóc và hỗ trợ sinh viên quốc tế tại Canada,Governance,text,div.wrap > div.footer-top > div > p,
vi-271,Sự khác biệt của Crestway Global | Crestway Global,Difference,text,head > title,
vi-272,Thực đơn,Difference,text,header.site-header > div.wrap.header-inner > button.menu-toggle,
vi-273,Giám hộ với sự giám sát có cấu trúc.,Difference,text,main > section.page-hero > div.wrap.stack > h1#page-hero-title,
vi-274,Hầu hết dịch vụ giám hộ chỉ xử lý giấy tờ và rất ít điều khác. Chúng tôi cung cấp sự hỗ trợ liên tục và được ghi chép rõ ràng.,Difference,text,main > section.page-hero > div.wrap.stack > p.page-hero-lede,
vi-275,Tiêu chuẩn của chúng tôi,Difference,text,section.section > div.wrap > div.section-head.stack > p.eyebrow,
vi-276,Sự khác biệt của Crestway Global,Difference,text,section.section > div.wrap > div.section-head.stack > h2#comparison-title,
vi-277,Điều Crestway Global mang lại,Difference,text,section.section > div.wrap > div.stack > h3,
vi-278,Hỗ trợ khẩn cấp 24/7,Difference,text,div.wrap > div.stack > ul > li,
vi-279,Kiểm tra định kỳ với chuyên viên tư vấn riêng,Difference,text,div.wrap > div.stack > ul > li,
vi-280,"Tìm nhà ở, kiểm tra và hỗ trợ di chuyển vào nhà",Difference,text,div.wrap > div.stack > ul > li,
vi-281,Cập nhật định kỳ cho phụ huynh với thông tin học thuật và sức khỏe,Difference,text,div.wrap > div.stack > ul > li,
vi-282,Hỗ trợ cá nhân hóa dựa trên nhu cầu của từng sinh viên,Difference,text,div.wrap > div.stack > ul > li,
vi-283,Một chuyên viên của Crestway Global gặp gỡ sinh viên trong một quán cà phê,Difference,attribute:alt,section.section > div.wrap > div.frame > img@alt,
vi-284,Điều khiến Crestway Global khác biệt không phải là một điều gì đó. Đó là cách mọi thứ kết nối với nhau.,Difference,text,section.section.bg-sand > div.wrap > div.section-head.stack > h2#pillars-title,
vi-285,"Con người thật, bối cảnh thật",Difference,text,div.wrap > div.grid > article.col-4.stack > h3,
vi-286,"Chúng tôi đến tận nơi. Chúng tôi kiểm tra nhà ở trước khi ký hợp đồng thuê. Chúng tôi biết phòng khám nào chấp nhận bảo hiểm quốc tế và tuyến xe buýt nào nhanh nhất để đến trường. Điều này không phải là hỗ trợ từ xa, mà là kiến thức địa phương áp dụng cho cuộc sống hàng ngày của sinh viên của bạn.",Difference,text,div.wrap > div.grid > article.col-4.stack > p,
vi-287,"Tích cực, không phản ứng",Difference,text,div.wrap > div.grid > article.col-4.stack > h3,
vi-288,"Liên lạc định kỳ giúp phát hiện vấn đề sớm. Chúng tôi không chờ đợi cho đến khi xảy ra khủng hoảng. Nếu sinh viên có vẻ rút lui, nếu điểm số giảm sút, nếu có vấn đề về nhà ở đang hình thành, chúng tôi sẽ gọi cho gia đình trước. Phòng ngừa luôn tốt hơn là kiểm soát hậu quả.",Difference,text,div.wrap > div.grid > article.col-4.stack > p,
vi-289,Hỗ trợ mà không theo dõi,Difference,text,div.wrap > div.grid > article.col-4.stack > h3,
vi-290,"Sinh viên giữ được sự độc lập của họ. Chúng tôi không theo dõi từng bước của họ. Nhưng khi cuộc sống trở nên phức tạp, giấy tờ khó hiểu, vấn đề y tế, khẩn cấp nhà ở, họ có người để gọi và người đó đã hiểu rõ tình huống.",Difference,text,div.wrap > div.grid > article.col-4.stack > p,
vi-291,Đảm bảo cho phụ huynh,Difference,text,section.section.bg-sand > div.wrap > div.section-head.stack > p.eyebrow,
vi-292,"Được xây dựng cho các gia đình muốn sự minh bạch, không chỉ là lời hứa.",Difference,text,section.section.bg-sand > div.wrap > div.section-head.stack > h2#assurance-title,
vi-293,"Từ lúc bạn bắt đầu hợp tác với Crestway Global, chúng tôi tạo ra mối quan hệ có cấu trúc giữ cho bạn được thông báo và tham gia.",Difference,text,section.section.bg-sand > div.wrap > div.section-head.stack > p,
vi-294,Cuộc gọi hướng dẫn gia đình,Difference,text,div.wrap > div.grid > div.col-3.stack > h3,
vi-295,"Trước khi sinh viên của bạn đến, chúng tôi cùng nhau đi qua các kỳ vọng, sở thích giao tiếp và quy trình khẩn cấp.",Difference,text,div.wrap > div.grid > div.col-3.stack > p,
vi-296,Đội ngũ tư vấn chuyên trách,Difference,text,div.wrap > div.grid > div.col-3.stack > h3,
vi-297,"Một đội ngũ tư vấn có kinh nghiệm biết rõ câu chuyện của từng sinh viên, hành trình điều chỉnh của họ và tiến triển học thuật và cá nhân của họ.",Difference,text,div.wrap > div.grid > div.col-3.stack > p,
vi-298,Cập nhật trước khi đến hàng tuần,Difference,text,div.wrap > div.grid > div.col-3.stack > h3,
vi-299,"Trong những tuần trước khi rời đi, chúng tôi cập nhật cho các gia đình về tình trạng nhà ở, sự sẵn sàng của tài liệu và kế hoạch định hướng.",Difference,text,div.wrap > div.grid > div.col-3.stack > p,
vi-300,Bảng điều khiển cho phụ huynh,Difference,text,div.wrap > div.grid > div.col-3.stack > h3,
vi-301,"Một cái nhìn rõ ràng về thời gian hỗ trợ của học sinh, các cuộc kiểm tra sắp tới và các mốc quan trọng.",Difference,text,div.wrap > div.grid > div.col-3.stack > p,
vi-302,Hãy tự mình trải nghiệm sự khác biệt.,Difference,text,div.wrap > div.grid > div.col-8 > h2#diff-cta-title,
vi-303,Bắt đầu ứng tuyển hoặc nói chuyện với đội ngũ của chúng tôi về cách hỗ trợ của Crestway Global hoạt động trong thực tế.,Difference,text,div.wrap > div.grid > div.col-8 > p,
vi-304,Đặt lịch cuộc gọi,Difference; Partnerships,text,div.wrap > div.grid > div.col-4.cta-actions > a.btn.ghost,
vi-305,Phòng hộ và hỗ trợ học sinh quốc tế tại Canada.,Difference,text,div.wrap > div.footer-top > div > p,
vi-306,Hợp tác | Crestway Global,Partnerships,text,head > title,
vi-307,Xây dựng các mối quan hệ toàn cầu để hỗ trợ sinh viên quốc tế,Partnerships,text,main > section.page-hero > div.wrap.stack > h1#page-hero-title,
vi-308,"Crestway Global hợp tác với các cơ sở giáo dục, đại lý tuyển sinh và doanh nghiệp trên toàn thế giới để tạo ra sự hỗ trợ, cơ hội và phát triển thuận lợi cho sinh viên.",Partnerships,text,main > section.page-hero > div.wrap.stack > p.page-hero-lede,
vi-309,Đối với các cơ sở giáo dục và trường đại học,Partnerships,text,div.wrap > div.grid > div.col-4.stack > p.eyebrow,
vi-310,Đóng cầu nối giữa việc nhập học và sự định cư thành công.,Partnerships,text,div.wrap > div.grid > div.col-4.stack > h2#institutions-title,
vi-311,Crestway Global không tuyển sinh và không can thiệp vào việc ra quyết định học thuật. Chúng tôi tồn tại để giúp các sinh viên quốc tế của bạn thành công hơn sau khi họ đến nơi.,Partnerships,text,div.wrap > div.grid > div.col-4.stack > p,
vi-312,Ít hơn các sự cố phi học thuật,Partnerships,text,div.grid > div.col-8.stack > div.stack > h3,
vi-313,"Các vấn đề về chỗ ở, tình huống y tế khẩn cấp và nỗi nhớ nhà hiếm khi đến văn phòng quốc tế của bạn. Chúng tôi xử lý chúng trước khi chúng trở thành vấn đề của bạn.",Partnerships,text,div.grid > div.col-8.stack > div.stack > p,
vi-314,"Sinh viên được bảo vệ, phụ huynh được an ủi",Partnerships,text,div.grid > div.col-8.stack > div.stack > h3,
vi-315,Gia đình cảm thấy tự tin rằng con cái họ có sự hỗ trợ địa phương. Sự tự tin đó chuyển đổi thành ít hơn các cuộc gọi lo lắng đến đội ngũ tuyển sinh của bạn.,Partnerships,text,div.grid > div.col-8.stack > div.stack > p,
vi-316,Giảm khối lượng công việc hành chính,Partnerships,text,div.grid > div.col-8.stack > div.stack > h3,
vi-317,"Đội tuyển sinh, văn phòng quốc tế và giảng viên của bạn có thể tập trung vào học thuật trong khi chúng tôi xử lý logistics định cư và hỗ trợ sinh viên hàng ngày.",Partnerships,text,div.grid > div.col-8.stack > div.stack > p,
vi-318,Tư vấn viên làm việc với sinh viên quốc tế,Partnerships,attribute:alt,section.section > div.wrap > div.frame > img@alt,
vi-319,Đối với các đại lý tuyển sinh,Partnerships,text,div.wrap > div.grid > div.col-4.stack > p.eyebrow,
vi-320,Đối tác đáng tin cậy của bạn tại Canada trong hỗ trợ sau khi nhập học.,Partnerships,text,div.wrap > div.grid > div.col-4.stack > h2#agents-title,
vi-321,"Chúng tôi bổ trợ, chứ không thay thế vai trò tuyển sinh cốt lõi của bạn. Khi các gia đình nhớ đến ai đã giúp con cái họ thành công tại Canada, tên của bạn sẽ được nhắc đến.",Partnerships,text,div.wrap > div.grid > div.col-4.stack > p,
vi-322,Các sinh viên chuyển đổi thành công,Partnerships,text,div.grid > div.col-8.stack > div.stack > h3,
vi-323,Các bạn được đặt chỗ không chỉ đến mà còn phát triển. Các sinh viên cảm thấy được hỗ trợ sẽ tiếp tục học và giới thiệu bạn cho người khác.,Partnerships,text,div.grid > div.col-8.stack > div.stack > p,
vi-324,Sự tin tưởng của phụ huynh mạnh mẽ hơn,Partnerships,text,div.grid > div.col-8.stack > div.stack > h3,
vi-325,"Khi bạn giới thiệu Crestway Global cùng với việc đặt chỗ, phụ huynh sẽ xem bạn là người quan tâm đến kết quả, chứ không chỉ là hoa hồng.",Partnerships,text,div.grid > div.col-8.stack > div.stack > p,
vi-326,Ít hơn các khiếu nại sau khi đến nơi,Partnerships,text,div.grid > div.col-8.stack > div.stack > h3,
vi-327,Không còn các cuộc gọi lúc 3 giờ sáng về các thảm họa chỗ ở hay tình huống y tế. Các sự cố khẩn cấp được xử lý địa phương và bạn sẽ được cập nhật mà không bị quá tải.,Partnerships,text,div.grid > div.col-8.stack > div.stack > p,
vi-328,Tỷ lệ giữ chân và sự hài lòng cao hơn,Partnerships,text,div.grid > div.col-8.stack > div.stack > h3,
vi-329,Các sinh viên được hỗ trợ hoàn thành chương trình học. Các gia đình hài lòng sẽ gửi em họ và chú dì. Mạng lưới giới thiệu của bạn sẽ phát triển.,Partnerships,text,div.grid > div.col-8.stack > div.stack > p,
vi-330,Đối với các doanh nghiệp và tổ chức,Partnerships,text,div.wrap > div.grid > div.col-4.stack > p.eyebrow,
vi-331,Truy cập nguồn nhân lực sinh viên toàn cầu đầy nhiệt huyết.,Partnerships,text,div.wrap > div.grid > div.col-4.stack > h2#businesses-title,
vi-332,"Crestway Global hợp tác với các doanh nghiệp địa phương và toàn cầu để cung cấp các chương trình thực tập, tình nguyện và học tập trải nghiệm cho sinh viên quốc tế.",Partnerships,text,div.wrap > div.grid > div.col-4.stack > p,
vi-333,Đường ống nhân lực toàn cầu,Partnerships,text,div.grid > div.col-8.stack > div.stack > h3,
vi-334,"Kết nối với sinh viên quốc tế đầy nhiệt huyết mang đến nhiều góc nhìn đa dạng, kỹ năng đa ngôn ngữ và năng lượng tươi mới cho đội ngũ của bạn.",Partnerships,text,div.grid > div.col-8.stack > div.stack > p,
vi-335,Tương tác thương hiệu tích cực,Partnerships,text,div.grid > div.col-8.stack > div.stack > h3,
vi-336,Liên kết tổ chức của bạn với giáo dục quốc tế và phát triển văn hóa chéo. Sinh viên nhớ những công ty đã mang lại cho họ cơ hội đầu tiên tại Canada.,Partnerships,text,div.grid > div.col-8.stack > div.stack > p,
vi-337,Hợp tác đối tác Canada đáng tin cậy,Partnerships,text,div.grid > div.col-8.stack > div.stack > h3,
vi-338,"Hợp tác với một dịch vụ hỗ trợ đã được thiết lập, kiểm tra sinh viên và đảm bảo họ được chuẩn bị, đáng tin cậy và sẵn sàng đóng góp.",Partnerships,text,div.grid > div.col-8.stack > div.stack > p,
vi-339,Tại sao chọn Crestway Global,Partnerships,text,section.section.bg-sand > div.wrap > div.section-head.stack > p.eyebrow,
vi-340,Đối tác mà sinh viên của bạn xứng đáng có.,Partnerships,text,section.section.bg-sand > div.wrap > div.section-head.stack > h2#why-title,
vi-341,Các sinh viên trong một cuộc thảo luận hợp tác,Partnerships,attribute:alt,section.section.bg-sand > div.wrap > div.frame > img@alt,
vi-342,Chuyên môn đáng tin cậy,Partnerships,text,div.wrap > div.grid > div.col-6.gov-card > h3,
vi-343,"Đội ngũ có kinh nghiệm cao, mang lại kiến thức sâu rộng và kinh nghiệm thực tế trong nhiều vai trò khác nhau trong lĩnh vực giáo dục quốc tế.",Partnerships,text,div.wrap > div.grid > div.col-6.gov-card > p,
vi-344,Phương pháp tiếp cận lấy sinh viên làm trung tâm,Partnerships,text,div.wrap > div.grid > div.col-6.gov-card > h3,
vi-345,"Chúng tôi ưu tiên an toàn, sức khỏe và thành công của sinh viên. Khi sinh viên phát triển, tất cả mọi người đều chiến thắng.",Partnerships,text,div.wrap > div.grid > div.col-6.gov-card > p,
vi-346,Hỗ trợ toàn diện,Partnerships,text,div.wrap > div.grid > div.col-6.gov-card > h3,
vi-347,"Bảo vệ, hỗ trợ học thuật, chỗ ở, sức khỏe, quản lý khủng hoảng và nhiều hơn nữa – tất cả được phối hợp thông qua một đối tác đáng tin cậy duy nhất.",Partnerships,text,div.wrap > div.grid > div.col-6.gov-card > p,
vi-348,Hợp tác mượt mà,Partnerships,text,div.wrap > div.grid > div.col-6.gov-card > h3,
vi-349,"Quy trình minh bạch, báo cáo có cấu trúc rõ ràng và giải pháp tập trung vào hợp tác. Bạn luôn biết được tình hình sinh viên được giới thiệu của bạn như thế nào.",Partnerships,text,div.wrap > div.grid > div.col-6.gov-card > p,
vi-350,Góc nhìn toàn cầu,Partnerships,text,div.wrap > div.grid > div.col-6.gov-card > h3,
vi-351,"Chúng tôi kết nối các cơ sở giáo dục, đại lý và sinh viên trên toàn thế giới. Đội ngũ của chúng tôi hiểu cả hệ thống Canada và văn hóa mà sinh viên của chúng tôi đến từ.",Partnerships,text,div.wrap > div.grid > div.col-6.gov-card > p,
vi-352,Đối với các trường đại học và đại lý,Partnerships,text,div.wrap > div.grid > div.col-8 > p.eyebrow,
vi-353,Bạn muốn xem mô hình hợp tác đầy đủ?,Partnerships,text,div.wrap > div.grid > div.col-8 > h2#uni-cta-title,
vi-354,"Chúng tôi đã tổng hợp một cái nhìn chi tiết về cách Crestway Global hoạt động cùng các trường đại học và đại lý tuyển sinh. Nếu bạn đang tìm kiếm hỗ trợ sinh viên có cấu trúc cho cơ sở của mình, đây là điểm khởi đầu tốt.",Partnerships,text,div.wrap > div.grid > div.col-8 > p,
vi-355,Xem chi tiết hợp tác,Partnerships,text,div.wrap > div.grid > div.col-4.cta-actions > a.btn.primary,
vi-356,Liên hệ trực tiếp với chúng tôi,Partnerships,text,div.wrap > div.grid > div.col-4.cta-actions > a.btn.ghost,
vi-357,Hãy cùng nhau xây dựng điều gì đó phù hợp với sinh viên của bạn.,Partnerships,text,div.wrap > div.grid > div.col-8 > h2#partner-cta-title,
vi-358,"Dù bạn là trường đại học, đại lý tuyển sinh hay tổ chức doanh nghiệp, chúng tôi muốn cho bạn thấy hỗ trợ thực tế trên thực địa như thế nào.",Partnerships,text,div.wrap > div.grid > div.col-8 > p,
vi-359,Liên hệ với chúng tôi,Partnerships,text,div.wrap > div.grid > div.col-4.cta-actions > a.btn.primary,
vi-360,Bảo vệ và hỗ trợ giáo dục cho sinh viên quốc tế tại Canada.,Partnerships,text,div.wrap > div.footer-top > div > p,
vi-361,Hợp tác với các trường đại học | Crestway Global,Partnerships / Universities,text,head > title,
vi-362,Trang này dành cho các đối tác đại học và đại lý.,Partnerships / Universities,text,div.gate-overlay > div.gate-dialog > h2,
vi-363,Nhập mã truy cập được cung cấp bởi người liên hệ Crestway Global của bạn.,Partnerships / Universities,text,div.gate-overlay > div.gate-dialog > p,
vi-364,Mã truy cập,Partnerships / Universities,attribute:placeholder,div.gate-overlay > div.gate-dialog > form > input@placeholder,
vi-365,Nhập,Partnerships / Universities,text,div.gate-overlay > div.gate-dialog > form > button.btn.primary,
vi-366,Mã không đúng. Vui lòng thử lại hoặc liên hệ hello@crestwayglobal.com.,Partnerships / Universities,text,div.gate-overlay > div.gate-dialog > p.gate-error,
vi-367,Quay lại Đối tác,Partnerships / Universities,text,div.gate-overlay > div.gate-dialog > p.gate-back > a; section.final-cta > div.wrap > div.cta-actions > a.btn.ghost,
vi-368,Một nền tảng hỗ trợ sinh viên thành công hoạt động cùng với cơ sở giáo dục của bạn.,Partnerships / Universities,text,main > section.page-hero > div.wrap.stack > h1#page-hero-title,
vi-369,"Crestway Global hợp tác với các trường đại học để tăng cường giữ chân sinh viên quốc tế, giảm thiểu các vấn đề phi học thuật và mang lại sự yên tâm cho gia đình rằng con cái họ có sự hỗ trợ thực địa.",Partnerships / Universities,text,main > section.page-hero > div.wrap.stack > p.page-hero-lede,
vi-370,Thách thức,Partnerships / Universities; Problem,text,section.section > div.wrap > div.section-head.stack > p.eyebrow,
vi-371,Sinh viên quốc tế đối mặt với những rào cản mà chỉ kiến thức học thuật không thể giải quyết.,Partnerships / Universities,text,section.section > div.wrap > div.section-head.stack > h2#challenge-title,
vi-372,"Điều chỉnh đến một quốc gia mới và hệ thống không quen thuộc (ngân hàng, y tế, giao thông, nhà ở)",Partnerships / Universities,text,div.wrap > div.stack > ul > li,
vi-373,Hỗ trợ gia đình bị giới hạn do khoảng cách địa lý và múi giờ,Partnerships / Universities,text,div.wrap > div.stack > ul > li,
vi-374,Áp lực học thuật bị gia tăng bởi căng thẳng và cô lập cá nhân,Partnerships / Universities,text,div.wrap > div.stack > ul > li,
vi-375,Không có hướng dẫn có cấu trúc cho sinh viên ở ngoài khuôn viên trong những việc hàng ngày bị sai lệch,Partnerships / Universities,text,div.wrap > div.stack > ul > li,
vi-376,"Vấn đề nhà ở, các tình huống sức khỏe và nỗi nhớ nhà có thể trở nên nghiêm trọng hơn khi không ai phát hiện sớm",Partnerships / Universities,text,div.wrap > div.stack > ul > li,
vi-377,"Đây không phải là các trường hợp ngoại lệ. Chúng là điều bình thường. Và khi sinh viên gặp khó khăn với những điều cơ bản này, tỷ lệ giữ chân giảm và rủi ro của cơ sở giáo dục tăng lên.",Partnerships / Universities,text,section.section > div.wrap > div.stack > p,
vi-378,Mô hình Crestway Global,Partnerships / Universities,text,section.section.bg-sand > div.wrap > div.section-head.stack > p.eyebrow,
vi-379,"Bốn trụ cột thành công cho sinh viên, được triển khai tại địa phương.",Partnerships / Universities,text,section.section.bg-sand > div.wrap > div.section-head.stack > h2#solution-title,
vi-380,Crestway Global đóng vai trò là đối tác thành công đáng tin cậy. Chúng tôi cung cấp hướng dẫn có cấu trúc và hỗ trợ thực tế cho sinh viên trong suốt hành trình học thuật của họ. Chúng tôi không thay thế các dịch vụ của trường. Chúng tôi lấp đầy những khoảng trống xung quanh chúng.,Partnerships / Universities,text,section.section.bg-sand > div.wrap > div.section-head.stack > p,
vi-381,1. Quản lý thành công sinh viên,Partnerships / Universities,text,div.wrap > div.switcher > div.gov-card.stack > h3,
vi-382,Hướng dẫn giúp sinh viên duy trì tiến độ học thuật và cá nhân. Các cuộc kiểm tra định kỳ. Phát hiện sớm các vấn đề. Can thiệp trước khi một tuần khó trở thành một học kỳ thất bại.,Partnerships / Universities,text,div.wrap > div.switcher > div.gov-card.stack > p,
vi-383,2. Hỗ trợ sinh viên có cấu trúc,Partnerships / Universities,text,div.wrap > div.switcher > div.gov-card.stack > h3,
vi-384,"Giúp đỡ trong việc nhà ở, ngân hàng, y tế và các dịch vụ địa phương. Những điều mà sinh viên mới mất 10 lần lâu hơn để tự mình hiểu, chúng tôi xử lý cùng họ.",Partnerships / Universities,text,div.wrap > div.switcher > div.gov-card.stack > p,
vi-385,3. Giao tiếp với gia đình,Partnerships / Universities,text,div.wrap > div.switcher > div.gov-card.stack > h3,
vi-386,"Gia đình quốc tế nhận được sự yên tâm. Các bản cập nhật hàng tháng, truy cập trực tiếp đến cố vấn và thông báo tức thì khi có điều gì cần chú ý. Phụ huynh luôn được cập nhật mà không cần theo dõi quá mức.",Partnerships / Universities,text,div.wrap > div.switcher > div.gov-card.stack > p,
vi-387,4. Phát triển cá nhân & kỹ năng sống,Partnerships / Universities,text,div.wrap > div.switcher > div.gov-card.stack > h3,
vi-388,"Tự lập, hiểu biết tài chính, lãnh đạo. Sinh viên không chỉ hoàn thành bằng cấp. Họ rời trường với kỹ năng để biến điều đó thành hiện thực.",Partnerships / Universities,text,div.wrap > div.switcher > div.gov-card.stack > p,
vi-389,Giá trị đối với các đối tác đại học,Partnerships / Universities,text,section.section > div.wrap > div.section-head.stack > p.eyebrow,
vi-390,Kết quả tốt hơn. Rủi ro thấp hơn. Vị thế tuyển sinh mạnh hơn.,Partnerships / Universities,text,section.section > div.wrap > div.section-head.stack > h2#value-title,
vi-391,Cải thiện tỷ lệ giữ chân sinh viên,Partnerships / Universities,text,div.wrap > div.switcher > div.gov-card.stack > h3,
vi-392,"Những sinh viên cảm thấy được hỗ trợ sẽ tiếp tục học. Điều đó đơn giản như vậy. Ít sinh viên rút khỏi khóa học giữa năm, ít chuyển trường trong tình trạng khẩn cấp.",Partnerships / Universities,text,div.wrap > div.switcher > div.gov-card.stack > p,
vi-393,Trải nghiệm sinh viên quốc tế tốt hơn,Partnerships / Universities,text,div.wrap > div.switcher > div.gov-card.stack > h3,
vi-394,Độ hài lòng tăng lên khi sinh viên không phải tự mình đối mặt với năm đầu tiên. Sinh viên vui vẻ sẽ kể lại cho sinh viên khác.,Partnerships / Universities,text,div.wrap > div.switcher > div.gov-card.stack > p,
vi-395,Giảm rủi ro cho cơ sở giáo dục,Partnerships / Universities,text,div.wrap > div.switcher > div.gov-card.stack > h3,
vi-396,"Chúng tôi phát hiện sớm các vấn đề. Tranh chấp nhà ở, lo ngại sức khỏe, khó khăn học thuật. Đến khi vấn đề sẽ tới văn phòng của bạn, chúng tôi đã bắt đầu xử lý rồi.",Partnerships / Universities,text,div.wrap > div.switcher > div.gov-card.stack > p,
vi-397,Lợi thế tuyển sinh cạnh tranh,Partnerships / Universities,text,div.wrap > div.switcher > div.gov-card.stack > h3,
vi-398,Những trường đại học cung cấp hỗ trợ thành công có cấu trúc sẽ nổi bật với các gia đình quốc tế đang đưa ra quyết định hàng trăm nghìn đô la về nơi gửi con cái.,Partnerships / Universities,text,div.wrap > div.switcher > div.gov-card.stack > p,
vi-399,Tiếp thị toàn cầu mạnh mẽ hơn,Partnerships / Universities,text,div.wrap > div.switcher > div.gov-card.stack > h3,
vi-400,Kết quả tích cực của sinh viên xây dựng niềm tin với các gia đình quốc tế. Niềm tin mang lại giới thiệu. Giới thiệu xây dựng chương trình quốc tế của bạn.,Partnerships / Universities,text,div.wrap > div.switcher > div.gov-card.stack > p,
vi-401,Mô hình đối tác,Partnerships / Universities,text,section.section.bg-sand > div.wrap > div.section-head.stack > p.eyebrow,
vi-402,Chúng tôi làm việc cùng bạn. Không thay thế bạn.,Partnerships / Universities,text,section.section.bg-sand > div.wrap > div.section-head.stack > h2#model-title,
vi-403,"Crestway Global bổ sung các dịch vụ hiện có trên khuôn viên trường. Chúng tôi không thay thế văn phòng sinh viên quốc tế, trung tâm tư vấn hoặc dịch vụ nhà ở của bạn. Chúng tôi xử lý sự hỗ trợ hàng ngày ngoài khuôn viên trường mà nằm ngoài phạm vi của bạn.",Partnerships / Universities,text,section.section.bg-sand > div.wrap > div.section-head.stack > p,
vi-404,Chương trình hỗ trợ thành công sinh viên quốc tế,Partnerships / Universities,text,div.wrap > div.switcher > div.gov-card.stack > h3,
vi-405,Hỗ trợ có cấu trúc từ khi đến trường đến khi tốt nghiệp.,Partnerships / Universities,text,div.wrap > div.switcher > div.gov-card.stack > p,
vi-406,Các chương trình tham gia của phụ huynh,Partnerships / Universities,text,div.wrap > div.switcher > div.gov-card.stack > h3,
vi-407,Thông tin định kỳ giúp gia đình tin tưởng vào cơ sở giáo dục của bạn.,Partnerships / Universities,text,div.wrap > div.switcher > div.gov-card.stack > p,
vi-408,Hỗ trợ chuyển đổi và tích hợp sinh viên,Partnerships / Universities,text,div.wrap > div.switcher > div.gov-card.stack > h3,
vi-409,"Hướng dẫn đầu tuần, xác minh nhà ở, định hướng thành phố.",Partnerships / Universities,text,div.wrap > div.switcher > div.gov-card.stack > p,
vi-410,Hướng dẫn thành công và chương trình kỹ năng sống,Partnerships / Universities,text,div.wrap > div.switcher > div.gov-card.stack > h3,
vi-411,"Hiểu biết tài chính, xây dựng tự lập và cộng đồng bạn bè.",Partnerships / Universities,text,div.wrap > div.switcher > div.gov-card.stack > p,
vi-412,Bạn có sẵn sàng thảo luận về điều này sẽ như thế nào đối với cơ sở giáo dục của bạn không?,Partnerships / Universities,text,main > section.final-cta > div.wrap > h2#uni-final-cta-title,
vi-413,Chúng tôi muốn dẫn dắt bạn qua mô hình của chúng tôi và thảo luận về cách Crestway Global có thể hỗ trợ sinh viên quốc tế của bạn.,Partnerships / Universities,text,main > section.final-cta > div.wrap > p,
vi-414,Liên hệ với đội ngũ đối tác của chúng tôi,Partnerships / Universities,text,section.final-cta > div.wrap > div.cta-actions > a.btn.primary,
vi-415,Chăm sóc và hỗ trợ sinh viên quốc tế tại Canada.,Partnerships / Universities; Problem,text,div.wrap > div.footer-top > div > p,
vi-416,Đối với Phụ huynh | Crestway Global,Parents,text,head > title,
vi-417,Con bạn đang ở xa. Bình yên của bạn không cần phải vậy.,Parents,text,main > section.page-hero > div.wrap.stack > h1#page-hero-title,
vi-418,"Chúng tôi hiểu nhu cầu của các gia đình Trung Quốc: an toàn đầu tiên, giao tiếp thường xuyên và đảm bảo rằng có ai đó đáng tin cậy đang chăm sóc con bạn.",Parents,text,main > section.page-hero > div.wrap.stack > p.page-hero-lede,
vi-419,Điều quan trọng nhất,Parents,text,section.section > div.wrap > div.section-head.stack > p.eyebrow,
vi-420,Chúng tôi ưu tiên những điều mà các phụ huynh Trung Quốc quan tâm,Parents,text,section.section > div.wrap > div.section-head.stack > h2#priority-title,
vi-421,An toàn lên hàng đầu,Parents,text,div.wrap > div.switcher > div.stack > h3,
vi-422,"Kiểm tra chỗ ở, khu phố an toàn, phản hồi khẩn cấp. Chúng tôi kiểm tra những điều bạn sẽ kiểm tra nếu bạn ở đó.",Parents,text,div.wrap > div.switcher > div.stack > p,
vi-423,Cập nhật thường xuyên,Parents,text,div.wrap > div.switcher > div.stack > h3,
vi-424,"Báo cáo chi tiết hàng tháng về sức khỏe tinh thần của con bạn, không chỉ thành tích học thuật mà còn là cuộc sống hàng ngày và trạng thái cảm xúc.",Parents,text,div.wrap > div.switcher > div.stack > p,
vi-425,Hỗ trợ tiếng Trung,Parents,text,div.wrap > div.switcher > div.stack > h3,
vi-426,Nhà tư vấn nói tiếng của bạn. Không có rào cản giao tiếp khi thảo luận về nhu cầu của con bạn.,Parents,text,div.wrap > div.switcher > div.stack > p,
vi-427,Chăm sóc cảm xúc,Parents,text,div.wrap > div.switcher > div.stack > h3,
vi-428,Chúng tôi hiểu nỗi nhớ nhà và áp lực học tập ở nước ngoài. Chúng tôi phát hiện vấn đề trước khi chúng trở thành khủng hoảng.,Parents,text,div.wrap > div.switcher > div.stack > p,
vi-429,Phụ huynh duy trì liên lạc với con cái đang học tập ở nước ngoài,Parents,attribute:alt,section.section > div.wrap > div.frame > img@alt,
vi-430,Cam kết của chúng tôi,Parents,text,section.section.bg-sand > div.wrap > div.section-head.stack > p.eyebrow,
vi-431,Điều bạn có thể tin tưởng,Parents,text,section.section.bg-sand > div.wrap > div.section-head.stack > h2#reassurance-title,
vi-432,✓,Parents,text,div.wrap > div.stack > div.reassurance-item > span.reassurance-check,
vi-433,Chúng tôi đến kiểm tra chỗ ở trước khi con bạn dọn vào,Parents,text,div.stack > div.reassurance-item > div.stack > h4,
vi-434,"Chúng tôi kiểm tra từng bất động sản để đảm bảo an toàn, xác minh chủ nhà, kiểm tra điều kiện khu phố. Không có bất ngờ khi con bạn đến nơi.",Parents,text,div.stack > div.reassurance-item > div.stack > p,
vi-435,Chúng tôi trả lời điện thoại vào lúc 2 giờ sáng,Parents,text,div.stack > div.reassurance-item > div.stack > h4,
vi-436,Khẩn cấp không chờ giờ làm việc. Con bạn có đường dây liên lạc trực tiếp với ai đó biết con và có thể giúp đỡ.,Parents,text,div.stack > div.reassurance-item > div.stack > p,
vi-437,Chúng tôi cho bạn biết điều gì đang xảy ra,Parents,text,div.stack > div.reassurance-item > div.stack > h4,
vi-438,"Không lọc, không trễ. Nếu có vấn đề, bạn biết ngay. Nếu mọi thứ đang tốt, bạn cũng biết điều đó.",Parents,text,div.stack > div.reassurance-item > div.stack > p,
vi-439,Chúng tôi hỗ trợ những điều nhỏ nhặt nhất,Parents,text,div.stack > div.reassurance-item > div.stack > h4,
vi-440,"Tài khoản ngân hàng, gói điện thoại, nơi mua thực phẩm quen thuộc. Những chi tiết hàng ngày giúp cuộc sống ở nước ngoài trở nên dễ quản lý hơn.",Parents,text,div.stack > div.reassurance-item > div.stack > p,
vi-441,Chúng tôi tôn trọng quyết định của gia đình bạn,Parents,text,div.stack > div.reassurance-item > div.stack > h4,
vi-442,Chúng tôi cung cấp thông tin và hỗ trợ. Bạn vẫn là người ra quyết định cho cuộc sống của con bạn.,Parents,text,div.stack > div.reassurance-item > div.stack > p,
vi-443,Giao tiếp,Parents,text,section.section > div.wrap > div.section-head.stack > p.eyebrow,
vi-444,Chúng tôi giữ bạn liên lạc như thế nào,Parents,text,section.section > div.wrap > div.section-head.stack > h2#communication-title,
vi-445,Kiểm tra hàng tuần,Parents,text,div.wrap > div.cluster.flow-steps > div.flow-step.stack > h4,
vi-446,Con bạn gặp cố vấn để thảo luận về tuần học,Parents,text,div.wrap > div.cluster.flow-steps > div.flow-step.stack > p,
vi-447,→,Parents,text,section.section > div.wrap > div.cluster.flow-steps > span.flow-arrow,
vi-448,Báo cáo hàng tháng,Parents,text,div.wrap > div.cluster.flow-steps > div.flow-step.stack > h4,
vi-449,Bạn nhận được bản cập nhật bằng văn bản chi tiết về mọi khía cạnh trong cuộc sống của con bạn,Parents,text,div.wrap > div.cluster.flow-steps > div.flow-step.stack > p,
vi-450,Thông báo tức thì,Parents,text,div.wrap > div.cluster.flow-steps > div.flow-step.stack > h4,
vi-451,"Nếu có điều gì quan trọng xảy ra, chúng tôi sẽ liên lạc với bạn ngay lập tức",Parents,text,div.wrap > div.cluster.flow-steps > div.flow-step.stack > p,
vi-452,Kiểm tra chỗ ở — đảm bảo an toàn cho sinh viên,Parents,attribute:alt,section.section > div.wrap > div.frame > img@alt,
vi-453,Các câu hỏi mà phụ huynh Trung Quốc thường hỏi chúng tôi,Parents,text,section.section.bg-sand > div.wrap > div.section-head.stack > h2#concerns-title,
vi-454,Con tôi có an toàn ở Canada không?,Parents,text,div.wrap > div.stack-lg > div.stack > h3,
vi-455,"Canada là một trong những quốc gia an toàn nhất cho sinh viên quốc tế. Chúng tôi thêm một lớp bảo vệ: chỗ ở đã xác minh, người quen trong trường hợp khẩn cấp, và cố vấn kiểm tra thường xuyên. Chúng tôi coi an toàn của con bạn như thể đó là con của chúng tôi.",Parents,text,div.wrap > div.stack-lg > div.stack > p,
vi-456,Tôi làm sao biết được điều gì đang xảy ra nếu tôi ở rất xa?,Parents,text,div.wrap > div.stack-lg > div.stack > h3,
vi-457,"Báo cáo hàng tháng của chúng tôi bao gồm học thuật, sức khỏe, đời sống xã hội và sức khỏe tinh thần. Chúng tôi cung cấp thông tin cụ thể: điểm số, lần khám bác sĩ, hoạt động, tâm trạng. Nếu có điều gì sai, chúng tôi sẽ báo ngay cho bạn. Không có bất ngờ.",Parents,text,div.wrap > div.stack-lg > div.stack > p,
vi-458,Con tôi rất độc lập. Họ có cảm giác bị theo dõi không?,Parents,text,div.wrap > div.stack-lg > div.stack > h3,
vi-459,"Hỗ trợ của chúng tôi sẵn sàng, không bị áp đặt. Sinh viên độc lập sử dụng chúng tôi như một nguồn lực khi cần thiết. Chúng tôi tôn trọng sự tự chủ của họ đồng thời vẫn sẵn sàng cung cấp hướng dẫn.",Parents,text,div.wrap > div.stack-lg > div.stack > p,
vi-460,Nếu con tôi bị ốm thì sao?,Parents,text,div.wrap > div.stack-lg > div.stack > h3,
vi-461,"Chúng tôi giúp họ đăng ký với bác sĩ gia đình, hiểu rõ bảo hiểm của họ và điều hướng hệ thống y tế. Đối với các vấn đề nghiêm trọng, chúng tôi đồng hành cùng họ đến các buổi hẹn và cập nhật bạn từng bước.",Parents,text,div.wrap > div.stack-lg > div.stack > p,
vi-462,Bạn xử lý rào cản ngôn ngữ như thế nào?,Parents,text,div.wrap > div.stack-lg > div.stack > h3,
vi-463,"Đội ngũ của chúng tôi bao gồm các cố vấn nói tiếng Trung. Chúng tôi có thể giải thích các tình huống phức tạp - học thuật, y tế, pháp lý - bằng ngôn ngữ của bạn. Chúng tôi cũng giúp con bạn cải thiện tiếng Anh để độc lập trong cuộc sống hàng ngày.",Parents,text,div.wrap > div.stack-lg > div.stack > p,
vi-464,Điều gì làm Crestway Global khác biệt so với các dịch vụ khác?,Parents,text,div.wrap > div.stack-lg > div.stack > h3,
vi-465,Chúng tôi tập trung cụ thể vào sinh viên quốc tế Trung Quốc và gia đình họ. Chúng tôi hiểu rõ những kỳ vọng văn hóa xung quanh sự tham gia của gia đình và những thách thức cụ thể mà sinh viên Trung Quốc gặp phải ở nước ngoài. Chúng tôi không phải là một dịch vụ chung chung - chúng tôi là dịch vụ chuyên biệt.,Parents,text,div.wrap > div.stack-lg > div.stack > p,
vi-466,Bắt đầu với một cuộc trò chuyện,Parents,text,main > section.final-cta > div.wrap > h2#cta-title,
vi-467,Hãy kể chúng tôi về con bạn và những mối quan tâm của bạn. Chúng tôi sẽ giải thích cách chúng tôi có thể giúp đỡ và liệu chúng tôi có phù hợp với gia đình bạn không.,Parents,text,main > section.final-cta > div.wrap > p,
vi-468,Giáo dục giám hộ và hỗ trợ cho sinh viên quốc tế tại Canada.,Parents,text,div.wrap > div.footer-top > div > p,
vi-469,Vấn đề | Crestway Global,Problem,text,head > title,
vi-470,Thực tế của giáo dục quốc tế,Problem,text,main > section.page-hero > div.wrap.stack > h1#page-hero-title,
vi-471,"Mỗi năm, sinh viên đến nước ngoài với khát vọng lớn lao nhưng thiếu cấu trúc địa phương.",Problem,text,main > section.page-hero > div.wrap.stack > p.page-hero-lede,
vi-472,"Mặc dù các trường đại học cung cấp giáo dục chất lượng cao với quy mô lớn, nhưng nguồn lực của họ được thiết kế để hỗ trợ số lượng lớn sinh viên.",Problem,text,section.section > div.wrap > div.section-head.stack > h2#reality-title,
vi-473,"Sinh viên thường phải tự mình điều hướng các hệ thống phức tạp, tham gia danh sách chờ và tìm kiếm sự giúp đỡ chỉ sau khi xảy ra vấn đề.",Problem,text,section.section > div.wrap > div.section-head.stack > p,
vi-474,Đóng khoảng cách,Problem,text,section.section.bg-sand > div.wrap > div.section-head.stack > p.eyebrow,
vi-475,Crestway Global tồn tại để đóng khoảng cách.,Problem,text,section.section.bg-sand > div.wrap > div.section-head.stack > h2#gap-title,
vi-476,"Gia đình kỳ vọng sự an toàn, trách nhiệm và một người liên lạc biết rõ con cái họ.",Problem,text,div.wrap > div.stack-lg > div.with-sidebar.gap-item > p,
vi-477,"Chúng tôi hoạt động như một lớp hỗ trợ tăng tốc, nhận diện rủi ro và can thiệp sớm. Chúng tôi không chờ đợi sinh viên gặp khó khăn.",Problem,text,div.wrap > div.stack-lg > div.with-sidebar.gap-item > p,
vi-478,"Chúng tôi cung cấp hỗ trợ cá nhân 1:1 cho hành trình học thuật của họ, quản lý logistics hàng ngày và bảo vệ sức khỏe tinh thần của họ.",Problem,text,div.wrap > div.stack-lg > div.with-sidebar.gap-item > p,
vi-479,"Bằng cách duy trì một cuộc đối thoại chủ động, liên tục và chuyên nghiệp giữa sinh viên, trường đại học và gia đình, chúng tôi đảm bảo rằng quá trình chuyển đổi của họ vào tuổi trưởng thành được quản lý một cách chuyên nghiệp.",Problem,text,div.wrap > div.stack-lg > div.with-sidebar.gap-item > p,
vi-480,"Đối với các gia đình quốc tế, đây là cơ sở hạ tầng thiết yếu biến rủi ro tiềm ẩn thành con đường an toàn cho thành công.",Problem,text,div.wrap > div.stack-lg > div.with-sidebar.gap-item > p,
vi-481,Đại sứ Sinh viên | Crestway Global,Ambassadors,text,head > title,
vi-482,Những sinh viên thực sự đã từng ở nơi bạn đang đến.,Ambassadors,text,main > section.page-hero > div.wrap.stack > h1#page-hero-title,
vi-483,"Đại sứ của chúng tôi là sinh viên quốc tế đang học tại các trường đại học Canada. Họ đại diện cho Crestway Global trên khuôn viên trường, tổ chức các nhóm học tập và giúp các sinh viên mới điều hướng mọi thứ từ giao thông đến nỗi nhớ nhà.",Ambassadors,text,main > section.page-hero > div.wrap.stack > p.page-hero-lede,
vi-484,Chương trình,Ambassadors,text,section.section > div.wrap > div.section-head.stack > p.eyebrow,
vi-485,Đại sứ sinh viên làm gì,Ambassadors,text,section.section > div.wrap > div.section-head.stack > h2#program-title,
vi-486,Quảng bá và nhận thức,Ambassadors,text,div.wrap > div.switcher > div.stack > h3,
vi-487,Đại diện cho Crestway Global tại các sự kiện và hội chợ trường học. Chia sẻ nội dung trên mạng xã hội. Là khuôn mặt thân thiện cho thấy các sinh viên mới không đơn độc.,Ambassadors,text,div.wrap > div.switcher > div.stack > p,
vi-488,Hỗ trợ sinh viên,Ambassadors,text,div.wrap > div.switcher > div.stack > h3,
vi-489,"Giúp sinh viên tìm các con đường an toàn xung quanh khuôn viên trường, điều hướng hệ thống giao thông và tổ chức các buổi học nhóm do sinh viên dẫn dắt tại thư viện và căng-tin.",Ambassadors,text,div.wrap > div.switcher > div.stack > p,
vi-490,Xây dựng cộng đồng,Ambassadors,text,div.wrap > div.switcher > div.stack > h3,
vi-491,"Thu thập ý kiến từ bạn bè về chỗ ở, tài nguyên trường học và nhu cầu sinh viên. Là cầu nối giữa những người mới đến và sự hỗ trợ họ cần.",Ambassadors,text,div.wrap > div.switcher > div.stack > p,
vi-492,Lãnh đạo,Ambassadors,text,div.wrap > div.switcher > div.stack > h3,
vi-493,"Là những tấm gương, đề xuất các hoạt động mới, và hợp tác với các nhà điều phối Crestway Global để cải thiện trải nghiệm sinh viên.",Ambassadors,text,div.wrap > div.switcher > div.stack > p,
vi-494,Gặp đội ngũ,Ambassadors,text,section.section.bg-sand > div.wrap > div.section-head.stack > p.eyebrow,
vi-495,Đại sứ của chúng tôi,Ambassadors,text,section.section.bg-sand > div.wrap > div.section-head.stack > h2#meet-title,
vi-496,"Các sinh viên từ York, TMU, Waterloo và Western chia sẻ hành trình và lời khuyên của họ.",Ambassadors,text,section.section.bg-sand > div.wrap > div.section-head.stack > p,
vi-497,"Anna, Sinh viên Đại sứ tại Đại học Waterloo",Ambassadors,attribute:alt,div.wrap > article.with-sidebar.ambassador-profile > div.frame.ambassador-photo > img@alt,
vi-498,Đại học Waterloo · Khoa Công nghệ Thông tin · Năm 3,Ambassadors,text,article.with-sidebar.ambassador-profile > div.stack > div > p.ambassador-meta,
vi-499,Ban đầu từ Nhật Bản,Ambassadors,text,article.with-sidebar.ambassador-profile > div.stack > div > p.ambassador-origin,
vi-500,Hành trình của Anna,Ambassadors,text,article.with-sidebar.ambassador-profile > div.stack > div.stack > h4,
vi-501,"Tôi được sinh ra và lớn lên tại Nhật Bản cho đến cuối cấp tiểu học. Sau đó, tôi chuyển đến Mỹ, nơi tôi tham gia đội robot trong 5 năm. Điều này đã khơi dậy sự quan tâm của tôi đến lập trình và Công nghệ Thông tin. Tôi chọn Đại học Waterloo vì chương trình hợp tác của trường.",Ambassadors,text,article.with-sidebar.ambassador-profile > div.stack > div.stack > p,
vi-502,Tại sao tôi trở thành Đại sứ,Ambassadors,text,article.with-sidebar.ambassador-profile > div.stack > div.stack > h4; article.with-sidebar-rev.ambassador-profile > div.stack > div.stack > h4,
vi-503,"Tôi tham gia vào việc lập kế hoạch ban đầu của Crestway Global, và tôi nghĩ rằng đây là cách tuyệt vời để giúp các sinh viên như tôi, những người lần đầu tiên xa nhà, cảm thấy kết nối với cộng đồng mới của họ.",Ambassadors,text,article.with-sidebar.ambassador-profile > div.stack > div.stack > p,
vi-504,Thách thức lớn nhất,Ambassadors,text,article.with-sidebar.ambassador-profile > div.stack > div.stack > h4; article.with-sidebar-rev.ambassador-profile > div.stack > div.stack > h4,
vi-505,"Thức ăn và chế độ ăn uống. Canteen ký túc xá rất tiện lợi, nhưng không giống như những bữa ăn tại nhà. Ngoài ra, việc duy trì sức khỏe với giờ ăn không đều cũng là điều khó khăn.",Ambassadors,text,article.with-sidebar.ambassador-profile > div.stack > div.stack > p,
vi-506,Lời khuyên cho sinh viên mới,Ambassadors,text,article.with-sidebar.ambassador-profile > div.stack > div.stack > h4; article.with-sidebar-rev.ambassador-profile > div.stack > div.stack > h4,
vi-507,"""Hãy cởi mở để kết bạn. Bạn không phải người duy nhất cảm thấy cô đơn, và việc kết nối với người khác sẽ tạo ra sự khác biệt lớn. Ngoài ra, đừng quên nghỉ ngơi sau những giờ học.""",Ambassadors,text,article.with-sidebar.ambassador-profile > div.stack > div.stack > blockquote.ambassador-advice,
vi-508,Trải nghiệm Canada yêu thích,Ambassadors,text,article.with-sidebar.ambassador-profile > div.stack > div.stack > h4; article.with-sidebar-rev.ambassador-profile > div.stack > div.stack > h4,
vi-509,"Xem các trận bóng chày tại Rogers Centre. Sân vận động rất lớn, và sự hào hứng của khán giả khiến trải nghiệm này không thể quên!",Ambassadors,text,article.with-sidebar.ambassador-profile > div.stack > div.stack > p,
vi-510,Đại học York · Kinh doanh (Tài chính) · Năm 3,Ambassadors,text,article.with-sidebar-rev.ambassador-profile > div.stack > div > p.ambassador-meta,
vi-511,Gốc từ Ấn Độ,Ambassadors,text,article.with-sidebar-rev.ambassador-profile > div.stack > div > p.ambassador-origin,
vi-512,Hành trình của Ridhima,Ambassadors,text,article.with-sidebar-rev.ambassador-profile > div.stack > div.stack > h4,
vi-513,"Tôi đến Canada để theo học chương trình Cử nhân Kinh doanh tại Đại học York. Hành trình của tôi đầy thách thức, từ việc thích nghi với văn hóa và khí hậu mới đến việc xây dựng cộng đồng, nhưng cũng vô cùng đáng giá. Tôi đã tham gia vào nhiều vai trò lãnh đạo sinh viên và các vị trí đại sứ.",Ambassadors,text,article.with-sidebar-rev.ambassador-profile > div.stack > div.stack > p,
vi-514,Tại sao tôi trở thành đại sứ,Ambassadors,text,article.with-sidebar-rev.ambassador-profile > div.stack > div.stack > h4; article.with-sidebar.ambassador-profile > div.stack > div.stack > h4,
vi-515,"Tôi hiểu cảm giác áp lực khi chuyển đến một quốc gia mới. Tôi muốn giúp cho người khác có thể chuyển đổi dễ dàng hơn, và chia sẻ những bài học mà tôi đã học được trong quá trình này.",Ambassadors,text,article.with-sidebar-rev.ambassador-profile > div.stack > div.stack > p,
vi-516,"Thích nghi với mùa đông Canada, tìm hiểu về chỗ ở và phương tiện giao thông, và xây dựng một nhóm bạn bè trong môi trường hoàn toàn mới.",Ambassadors,text,article.with-sidebar-rev.ambassador-profile > div.stack > div.stack > p,
vi-517,"""Hãy thực hiện những bước nhỏ mỗi ngày để bước ra khỏi vùng an toàn của bạn — dù là tham gia câu lạc bộ, tham dự sự kiện trường, hay giới thiệu bản thân với người mới.""",Ambassadors,text,article.with-sidebar-rev.ambassador-profile > div.stack > div.stack > blockquote.ambassador-advice,
vi-518,Tham quan Montreal. Kiến trúc ở đây thật tuyệt vời và nightlife ở đó rất tuyệt.,Ambassadors,text,article.with-sidebar-rev.ambassador-profile > div.stack > div.stack > p,
vi-519,"Ridhima, Sinh viên Đại sứ tại Đại học York",Ambassadors,attribute:alt,div.wrap > article.with-sidebar-rev.ambassador-profile > div.frame.ambassador-photo > img@alt,
vi-520,"Tien, Sinh viên Đại sứ tại Đại học York",Ambassadors,attribute:alt,div.wrap > article.with-sidebar.ambassador-profile > div.frame.ambassador-photo > img@alt,
vi-521,Đại học York · Thống kê · Năm 3,Ambassadors,text,article.with-sidebar.ambassador-profile > div.stack > div > p.ambassador-meta,
vi-522,Gốc từ Việt Nam,Ambassadors,text,article.with-sidebar.ambassador-profile > div.stack > div > p.ambassador-origin,
vi-523,Hành trình của Tien,Ambassadors,text,article.with-sidebar.ambassador-profile > div.stack > div.stack > h4,
vi-524,"Tôi đến Canada để theo học chương trình Thống kê tại Đại học York. Hiện tại, tôi đảm nhiệm nhiều vai trò, bao gồm thực tập làm chuyên viên phân tích rủi ro, cũng như các vị trí như trợ lý nghiên cứu, trợ giảng và đại sứ tuyển sinh & trường học. Tôi cũng tham gia Hội đồng Tư vấn Sinh viên Quốc tế.",Ambassadors,text,article.with-sidebar.ambassador-profile > div.stack > div.stack > p,
vi-525,"Tôi muốn giúp sinh viên quốc tế cảm thấy được chào đón và hỗ trợ. Khi tôi lần đầu đến Canada, tôi cảm thấy rất khó khăn để thích nghi với một văn hóa hoàn toàn mới. Tôi hy vọng sẽ hỗ trợ sinh viên mới để quá trình chuyển đổi của họ trở nên mượt mà hơn.",Ambassadors,text,article.with-sidebar.ambassador-profile > div.stack > div.stack > p,
vi-526,"Hiểu rõ cách tài chính hoạt động tại Canada — mở tài khoản ngân hàng, lấy thẻ tín dụng, tạo số SIN, học về thuế, và hiểu những điều cần thiết để xin việc làm.",Ambassadors,text,article.with-sidebar.ambassador-profile > div.stack > div.stack > p,
vi-527,"""Đừng ngại hỏi xin sự giúp đỡ hoặc cơ hội. Sự hỗ trợ sẽ không đến với bạn tự động — bạn chỉ nhận được nó khi bạn chủ động liên lạc với người khác.""",Ambassadors,text,article.with-sidebar.ambassador-profile > div.stack > div.stack > blockquote.ambassador-advice,
vi-528,"Queen's Park ở trung tâm Toronto, nơi tôi thích đi bộ và sau đó khám phá các nhà hàng gần đó.",Ambassadors,text,article.with-sidebar.ambassador-profile > div.stack > div.stack > p,
vi-529,Fernand,Ambassadors,text,article.with-sidebar-rev.ambassador-profile > div.stack > div > h3,
vi-530,Đại học Toronto Metropolitan · Khoa học máy tính · Năm 2,Ambassadors,text,article.with-sidebar-rev.ambassador-profile > div.stack > div > p.ambassador-meta,
vi-531,Gốc từ Venezuela,Ambassadors,text,article.with-sidebar-rev.ambassador-profile > div.stack > div > p.ambassador-origin,
vi-532,Hành trình của Fernand,Ambassadors,text,article.with-sidebar-rev.ambassador-profile > div.stack > div.stack > h4,
vi-533,"Tôi đã đến Canada vào năm 2022 cùng gia đình với tư cách là người nhập cư do tình hình tại quê nhà. Việc di chuyển đến đây có nghĩa là bắt đầu từ đầu, thích nghi với môi trường mới, học một ngôn ngữ mới trong khi xây dựng cuộc sống trong một xã hội hoàn toàn khác. Hành trình của tôi đã dạy tôi sự kiên cường, quyết tâm và khả năng thích nghi.",Ambassadors,text,article.with-sidebar-rev.ambassador-profile > div.stack > div.stack > p,
vi-534,Tôi muốn chia sẻ trải nghiệm của mình khi là sinh viên quốc tế và giúp những người khác cảm thấy ít cô đơn hơn trong quá trình chuyển đổi. Tôi muốn làm cho quy trình thích nghi dễ dàng hơn cho các sinh viên mới. Giống như tôi mong muốn nó đã được với tôi.,Ambassadors,text,article.with-sidebar-rev.ambassador-profile > div.stack > div.stack > p,
vi-535,"Thích nghi với thời tiết lạnh, tìm nhà ở, và học cách quản lý những việc như ngân hàng, giao thông công cộng và tiếp tục học tập.",Ambassadors,text,article.with-sidebar-rev.ambassador-profile > div.stack > div.stack > p,
vi-536,"""Hãy cẩn trọng với thời gian thực tế bạn cần dành cho từng môn học của bạn. Chỉ vì chương trình học nói rằng bạn nên học 5 môn không có nghĩa là bạn phải học. Bạn có thể bắt đầu với 3 hoặc 4 môn học.""",Ambassadors,text,article.with-sidebar-rev.ambassador-profile > div.stack > div.stack > blockquote.ambassador-advice,
vi-537,Trải nghiệm Canada yêu thích nhất,Ambassadors,text,article.with-sidebar-rev.ambassador-profile > div.stack > div.stack > h4; article.with-sidebar.ambassador-profile > div.stack > div.stack > h4,
vi-538,"Món ăn yêu thích của tôi ở Canada là Poutine, và nơi yêu thích của tôi là Niagara Falls!",Ambassadors,text,article.with-sidebar-rev.ambassador-profile > div.stack > div.stack > p,
vi-539,F,Ambassadors,text,div.wrap > article.with-sidebar-rev.ambassador-profile > div.ambassador-placeholder > span,
vi-540,S,Ambassadors,text,div.wrap > article.with-sidebar.ambassador-profile > div.ambassador-placeholder > span,
vi-541,Shafaq,Ambassadors,text,article.with-sidebar.ambassador-profile > div.stack > div > h3,
vi-542,Đại học Western (Ivey) · Thạc sĩ Khoa học Máy tính Kinh doanh,Ambassadors,text,article.with-sidebar.ambassador-profile > div.stack > div > p.ambassador-meta,
vi-543,Sinh viên thạc sĩ,Ambassadors,text,article.with-sidebar.ambassador-profile > div.stack > div > p.ambassador-origin,
vi-544,Hành trình của Shafaq,Ambassadors,text,article.with-sidebar.ambassador-profile > div.stack > div.stack > h4,
vi-545,"Là sinh viên quốc tế, tôi hiểu rõ sự khó khăn khi phải điều hướng một quốc gia mới trong khi cân bằng giữa học thuật và ổn định cuộc sống. Việc chia sẻ những trải nghiệm của tôi, từ việc quản lý nhà ở và giao thông công cộng đến thích nghi với môi trường học thuật, thực sự có thể tạo ra sự khác biệt lớn cho những người mới đến.",Ambassadors,text,article.with-sidebar.ambassador-profile > div.stack > div.stack > p,
vi-546,Tôi trở thành Đại sứ sinh viên của Crestway Global để giúp cho hành trình của người khác trở nên suôn sẻ hơn. Tôi tin rằng việc chia sẻ những trải nghiệm của tôi thực sự có thể tạo ra sự khác biệt lớn cho những người mới đến.,Ambassadors,text,article.with-sidebar.ambassador-profile > div.stack > div.stack > p,
vi-547,"Thích nghi với thời tiết lạnh, tìm hiểu hệ thống giao thông của Toronto, tìm nhà ở giá cả hợp lý, theo kịp môi trường học thuật nhanh chóng, và trải nghiệm sốc văn hóa khi học cách ổn định vào một lối sống hoàn toàn mới.",Ambassadors,text,article.with-sidebar.ambassador-profile > div.stack > div.stack > p,
vi-548,"""Hãy cố gắng tìm những người giúp bạn phát triển, dù họ là bạn cùng lớp, người hướng dẫn hay bạn bè. Đừng ngại tìm kiếm sự giúp đỡ nếu bạn gặp khó khăn — bạn không bao giờ cô đơn trong hành trình này.""",Ambassadors,text,article.with-sidebar.ambassador-profile > div.stack > div.stack > blockquote.ambassador-advice,
vi-549,Poutine là một món ăn ẩm thực truyền thống tuyệt vời! Cuộc du lịch gia đình tôi đến Brockville thật ấn tượng — đi tàu du lịch 1000 Islands và đi bộ qua những con đường trong Vườn Quốc gia Algonquin vào mùa thu là những khoảnh khắc không thể quên.,Ambassadors,text,article.with-sidebar.ambassador-profile > div.stack > div.stack > p,
vi-550,Bạn muốn trở thành Đại sứ sinh viên?,Ambassadors,text,main > section.final-cta > div.wrap > h2#cta-title,
vi-551,"Chúng tôi đang tìm kiếm các sinh viên tại York, TMU, Queens, Western, UofT và Waterloo muốn giúp các sinh viên quốc tế khác phát triển.",Ambassadors,text,main > section.final-cta > div.wrap > p,
vi-552,Đăng ký tham gia,Ambassadors,text,section.final-cta > div.wrap > div.cta-actions > a.btn.primary,
vi-553,Liên hệ chúng tôi,Ambassadors,text,section.final-cta > div.wrap > div.cta-actions > a.btn.ghost,
vi-554,Điều phối và hỗ trợ học tập cho sinh viên quốc tế tại Canada.,Ambassadors,text,div.wrap > div.footer-top > div > p,
vi-555,Đặt lịch tư vấn | Crestway Global,Book,text,head > title,
vi-556,Hãy chia sẻ một vài thông tin để chúng tôi có thể cá nhân hóa buổi tư vấn của bạn. Chúng tôi xem xét từng yêu cầu để đảm bảo sự phù hợp tốt nhất.,Book,text,main > section.section > div.wrap.stack > p,
vi-557,Tư vấn Crestway Global,Book,attribute:title,main > section.section > div.wrap.stack > iframe#inline-rXkPyatKxfH6cm7ciEbT@title,
